Unnamed: 0,verdict,statement_originator,statement,statement_date,statement_source,factchecker,factcheck_date,factcheck_analysis_link,results
0,mostly-true,Catherine Cortez Masto,"Adam Laxalt ""wants to restrict"" and ""worked to limit access to birth control.""",6/14/2022,advertisement,Tom Kertscher,6/23/2022,https://www.politifact.com/factchecks/2022/jun/23/catherine-cortez-masto/gop-nevada-senate-hopeful-adam-laxalt-backed-birth/,FALSE
1,mostly-true,Beto O'Rourke,"Texas is ""50th in the nation in mental health care access.""",5/25/2022,speech,Ciara O'Rourke,5/25/2022,https://www.politifact.com/factchecks/2022/may/25/beto-orourke/recent-report-put-texas-last-among-states-and-dc-m/,TRUE
3,mostly-false,Evan McMullin,"""As the world rallies around Ukraine, Mike Lee was one of only two senators to oppose sanctions on Putin. Then he flew to the Kremlin and discussed dropping sanctions. Lee even opposed arming Ukrainians fighting for their lives.""",3/6/2022,advertisement,Tom Kertscher,3/7/2022,https://www.politifact.com/factchecks/2022/mar/07/evan-mcmullin/evan-mcmullin-ad-portraying-gop-utah-sen-mike-lee-/,FALSE
4,false,Bloggers,"List shows ""1,000 peer reviewed studies questioning COVID-19 vaccine safety""",1/20/2022,blog,Monique Curet,2/17/2022,https://www.politifact.com/factchecks/2022/feb/17/blog-posting/studies-included-list-do-not-question-covid-19-vac/,FALSE
5,true,Tim Kaine,"""Virginia women are paid 80 cents for every dollar paid to Virginia men.""",3/15/2022,social_media,Warren Fiske,3/18/2022,https://www.politifact.com/factchecks/2022/mar/18/tim-kaine/kaine-correctly-describes-virginias-pay-gap-betwee/,TRUE
6,false,Tweets,"ICE is in Uvalde, Texas, ""so undocumented parents have to consider arrest deportation before they go check to see if their kids are alive.""",5/24/2022,social_media,Nusaiba Mizan,5/25/2022,https://www.politifact.com/factchecks/2022/may/25/tweets/ice-not-carrying-out-immigration-enforcement-uvald/,FALSE
7,mostly-true,Chris Murphy,"""Most of these killers tend to be 18, 19 years old.""",5/24/2022,news,Louis Jacobson,5/25/2022,https://www.politifact.com/factchecks/2022/may/25/chris-murphy/fact-checking-chris-murphy-ages-mass-shooters/,FALSE
8,false,Sonia Sotomayor,"""We have over 100,000 children, which we’ve never had before, in serious condition, and many on ventilators"" due to the coronavirus.",1/7/2022,other,Jon Greenberg,1/7/2022,https://www.politifact.com/factchecks/2022/jan/07/sonia-sotomayor/fact-checking-sotomayor-kids-severe-covid-19/,FALSE
9,mostly-false,Republican Party of Wisconsin,"On Gov. Tony ""Evers’ watch…the efficiency of the state crime lab has plummeted.""",5/2/2022,statement,Laura Schulte,5/26/2022,https://www.politifact.com/factchecks/2022/may/26/republican-party-wisconsin/wis-gov-evers-didnt-cause-slowdown-state-crime-lab/,FALSE
13,mostly-true,Glenn Youngkin,"Virginia’s economic growth ""has stalled at less than 1% per year for eight years.""",1/17/2022,speech,Warren Fiske,2/14/2022,https://www.politifact.com/factchecks/2022/feb/14/glenn-youngkin/has-virginias-economic-growth-stalled-less-1-young/,FALSE
14,true,Keith Pekau,We’ve reduced crime to its lowest level in 27 years.,4/11/2022,campaign,Analisa Trofimuk,5/1/2022,https://www.politifact.com/factchecks/2022/may/01/keith-pekau/orland-park-mayor-says-crime-lowest-nearly-three-d/,FALSE
15,mostly-true,Ralph Northam,"""We’ve brought in more than $81 billion in economic investment, more than four times any previous administration.""",1/12/2022,speech,Warren Fiske,1/14/2022,https://www.politifact.com/factchecks/2022/jan/14/ralph-northam/northams-economic-development-claim-largely-holds/,FALSE
18,mostly-true,Joe Biden,"""Millions of hardworking Americans will no longer have to worry about unexpected medical bills.""",2/10/2022,speech,Victoria Knight,3/1/2022,https://www.politifact.com/factchecks/2022/mar/01/joe-biden/bidens-blanket-statement-no-more-surprise-billing-/,TRUE
20,mostly-false,Ron Johnson,"Federal border officials are allowing undocumented immigrants who are ""known criminals who possess an arrest warrant to fly on U.S. aircraft (which) threatens our homeland security.""",2/4/2022,news,Laura Schulte,3/4/2022,https://www.politifact.com/factchecks/2022/mar/04/ron-johnson/immigrants-who-are-known-criminals-are-not-using-a/,FALSE
21,half-true,David Willis,"There are now zero students, staff or anyone ""related to the school system"" in Union County"" hospitalized with COVID-19, despite harsh criticism of school COVID policy.",2/17/2022,speech,Paul Specht,3/2/2022,https://www.politifact.com/factchecks/2022/mar/02/david-willis/nc-lawmaker-misleads-about-union-county-covid-case/,FALSE
22,half-true,Gary Chambers Jr.,"""One in 13 Black Americans are deprived of the right to vote.""",2/9/2022,campaign,Amy Sherman,2/15/2022,https://www.politifact.com/factchecks/2022/feb/15/gary-chambers/fact-checking-louisiana-democrats-claim-about-blac/,FALSE
23,mostly-false,Facebook posts,"Baby boomers didn’t have autism, seizures, allergies and other ailments when they were kids.",5/18/2022,social_media,Ciara O'Rourke,6/9/2022,https://www.politifact.com/factchecks/2022/jun/09/facebook-posts/autism-allergies-and-other-diseases-and-disorders-/,FALSE
24,mostly-false,Josh Hawley,"Judge Ketanji Brown Jackson ""gave child porn offenders sentences below the guidelines and below what the prosecutors were requesting,"" showing she is ""soft on child pornography offenders.""",3/21/2022,news,Jon Greenberg,3/24/2022,https://www.politifact.com/factchecks/2022/mar/24/josh-hawley/josh-hawley-misleads-judge-jackson-and-child-porno/,FALSE
25,mostly-true,Instagram posts,A Texas GOP lawmaker recently introduced a bill that would allow the death penalty for women who have an abortion.,5/7/2022,social_media,Gabrielle Settles,6/28/2022,https://www.politifact.com/factchecks/2022/jun/28/instagram-posts/headline-about-texas-lawmakers-anti-abortion-bill-/,TRUE
27,mostly-false,Deb Butler,"the ""NC appeals court"" acknowledged the state’s election maps ""are skewed,"" but didn’t block them because they are ""partisan hacks.""",1/12/2022,social_media,Paul Specht,1/21/2022,https://www.politifact.com/factchecks/2022/jan/21/deb-butler/nc-legislator-inaccurately-describes-redistricting/,FALSE
28,true,Jennifer Konfrst,Only 2% of K-12 students would benefit from Iowa’s school voucher bill.,3/21/2022,news,Lauren White,4/7/2022,https://www.politifact.com/factchecks/2022/apr/07/jennifer-konfrst/iowas-student-first-voucher-bill-would-benefit-2-p/,TRUE
31,true,Abigail Spanberger,"""The four big meat packers are raking in record profits … """,6/16/2022,news,Warren Fiske,6/30/2022,https://www.politifact.com/factchecks/2022/jun/30/abigail-spanberger/big-four-meat-packers-are-seeing-record-profits-sp/,FALSE
33,mostly-true,Jeffrey Toobin,"""There has never been a leak anything like this"" draft of a Supreme Court opinion that would overturn Roe v. Wade. ""There’s never been a leak of a vote — much less an actual opinion, much less in a case of this significance.""",5/2/2022,news,Madison Czopek,5/4/2022,https://www.politifact.com/factchecks/2022/may/04/jeffrey-toobin/sometimes-scotus-leaks-happen-leaked-majority-opin/,FALSE
35,false,Viral image,Photo shows a Russian tank Ukrainians are selling on eBay.,3/2/2022,social_media,Ciara O'Rourke,3/4/2022,https://www.politifact.com/factchecks/2022/mar/04/viral-image/no-isnt-photo-russian-tank-sale-ebay/,FALSE
39,mostly-false,Mike Gibbons,"""As Ohio treasurer, Josh Mandel loaned your money to Chinese business interests, and Mandel opposed a bill holding Communist China accountable when they cheated and stole American jobs.""",4/7/2022,advertisement,Tom Kertscher,4/22/2022,https://www.politifact.com/factchecks/2022/apr/22/mike-gibbons/ohio-us-senate-race-gibbons-levels-misleading-atta/,FALSE
41,mostly-false,Tom Tiffany,"The Biden administration has been ""recklessly releasing potentially dangerous Afghans into our communities.""",2/18/2022,social_media,Alan Hovorka,5/13/2022,https://www.politifact.com/factchecks/2022/may/13/tom-tiffany/tiffany-overstates-report-shortcomings-afghan-vett/,FALSE
42,true,Gary Black,"In 2020, when Raphael Warnock ran a campaign ad featuring himself with a beagle, ""that wasn’t his dog.""",5/13/2022,radio,Louis Jacobson,5/23/2022,https://www.politifact.com/factchecks/2022/may/23/gary-black/was-beagle-raphael-warnocks-2020-tv-ad-his-dog/,FALSE
44,mostly-false,Sean Ryan,"""New York state has already lost 99% of its historic freshwater wetlands.""",3/3/2022,news,Elizabeth Egan,3/29/2022,https://www.politifact.com/factchecks/2022/mar/29/sean-ryan/has-new-york-state-lost-99-its-historical-range-we/,FALSE
49,mostly-true,Facebook posts,"""More people die from hands, fists, feet, than rifles.""",5/25/2022,blog,Jeff Cercone,5/27/2022,https://www.politifact.com/factchecks/2022/may/27/facebook-posts/fbi-data-shows-lower-deaths-hands-fists-feet-rifle/,TRUE
51,true,John Cornyn,"""100,000 Americans died of an overdose in a single year.""",2/14/2022,social_media,Nusaiba Mizan,2/21/2022,https://www.politifact.com/factchecks/2022/feb/21/john-cornyn/cornyn-right-drug-overdose-deaths-topped100000-nat/,FALSE
55,mostly-false,Iowa Republican Party,"When asked if she supports the Build Back Better bill, Abby Finkenauer said that she didn’t know what was in it.",1/24/2022,news,Nina Baker,1/28/2022,https://www.politifact.com/factchecks/2022/jan/28/iowa-republican-party/iowa-gop-deceptively-edits-abby-finkenauers-commen/,FALSE
56,false,Facebook posts,"""Don't let this formula shortage scare you!!! Make your baby some hemp milk w/sea moss. It’s easy I promise!""",5/11/2022,blog,Monique Curet,5/19/2022,https://www.politifact.com/factchecks/2022/may/19/facebook-posts/certain-combinations-homemade-baby-formula-includi/,FALSE
59,mostly-true,Joe Biden,"""When we passed the assault weapons ban, mass shootings went down. When the law expired, mass shootings tripled.""",5/24/2022,speech,Jon Greenberg,5/25/2022,https://www.politifact.com/factchecks/2022/may/25/joe-biden/joe-biden-said-mass-shootings-tripled-when-assault/,FALSE
60,mostly-false,Mark Brnovich,Increased encounters at the southwest border in April 2022 compared to April 2020 are attributable to changes in border policy.,5/23/2022,social_media,Maria Ramirez Uribe,6/2/2022,https://www.politifact.com/factchecks/2022/jun/02/mark-brnovich/despite-uptick-border-encounters-policies-adults-t/,FALSE
63,mostly-false,Ben Shapiro,"""There is no evidence Biden’s spending produced one job. Nonpartisan projections for job growth in 2021, not including that American Rescue Plan, showed higher job growth than Biden produced.""",3/1/2022,social_media,Jeff Cercone,3/9/2022,https://www.politifact.com/factchecks/2022/mar/09/ben-shapiro/ben-shapiro-claimed-bidens-job-figures-2021-didnt-/,FALSE
65,false,Instagram posts,"New Zealand Prime Minister Jacinda Ardern said her country doesn’t have to deal with the ""rage of older white men"" because ""we’ve never allowed Rupert Murdoch to set up a media outlet here.""",4/4/2022,social_media,Samantha Putterman,4/5/2022,https://www.politifact.com/factchecks/2022/apr/05/instagram-posts/bogus-quote-about-rupert-murdoch-white-men-attribu/,FALSE
66,false,Watts Up With That,"""Facebook is spamming all climate articles by misleading readers about"" the accuracy of climate models.",1/31/2022,blog,Jon Greenberg,2/4/2022,https://www.politifact.com/factchecks/2022/feb/04/watts/checking-claim-facebook-oversells-accuracy-climate/,FALSE
68,mostly-false,Brian Kemp,"""David Perdue voted with liberals"" for $10 trillion ""in new debt, his out-of-control federal spending is driving inflation through the roof.""",5/10/2022,advertisement,Tom Kertscher,5/19/2022,https://www.politifact.com/factchecks/2022/may/19/brian-kemp/georgias-governors-race-brian-kemps-attack-david-p/,TRUE
74,half-true,Wisconsin Initiative,"""Gov. Tony Evers brought Republicans and Democrats together to cut income taxes for the middle class.""",2/23/2022,advertisement,Madeline Heim,3/22/2022,https://www.politifact.com/factchecks/2022/mar/22/wisconsin-initiative/claim-evers-brought-republicans-and-democrats-toge/,FALSE
75,mostly-false,Bill O'Reilly,"""As soon as Biden took office, he eliminated all subsidies for fossil fuels.""",3/15/2022,social_media,Louis Jacobson,3/17/2022,https://www.politifact.com/factchecks/2022/mar/17/bill-oreilly/bill-oreillys-misleading-statement-biden-and-fossi/,TRUE
77,half-true,John Cornyn,"Judge Ketanji Brown Jackson called former President George W. Bush and former Defense Secretary Donald Rumsfeld as ""war criminals in a legal filing.""",3/22/2022,testimony,Madison Czopek,3/24/2022,https://www.politifact.com/factchecks/2022/mar/24/john-cornyn/ketanji-brown-jackson-didnt-call-bush-rumsfeld-war/,FALSE
78,half-true,Facebook posts,"Photos show ""Ukrainian Christians pray outdoors, in the snow, for their country in this phase of war danger.""",2/20/2022,social_media,Luiz Romero,2/25/2022,https://www.politifact.com/factchecks/2022/feb/25/facebook-posts/photos-ukrainians-praying-phase-war-danger-are-act/,FALSE
79,mostly-true,Facebook posts,"Omicron is ""the fastest-spreading virus known to humankind.""",1/5/2022,social_media,Monique Curet,1/20/2022,https://www.politifact.com/factchecks/2022/jan/20/facebook-posts/omicron-variant-fastest-spreading-virus-it-depends/,TRUE
84,mostly-false,Ron DeSantis,"Clips of Dr. Anthony Fauci show he ""flip-flopped"" on guidance for wearing masks, whether kids should be in school and whether people should change how they interact.",1/21/2022,campaign,Jeff Cercone,2/8/2022,https://www.politifact.com/factchecks/2022/feb/08/ron-desantis/ron-desantis-ad-fauci-flip-flops-leaves-out-reason/,TRUE
85,false,Facebook posts,Ukrainian President Volodymyr Zelensky wore a Nazi cross symbol.,3/16/2022,social_media,Samantha Putterman,3/25/2022,https://www.politifact.com/factchecks/2022/mar/25/facebook-posts/zelenskys-shirt-bears-emblem-ukraine-armed-forces-/,FALSE
90,mostly-true,Joe Biden,"""Make no mistake: The current spike in gas prices is largely the fault of Vladimir Putin.""",3/14/2022,speech,Louis Jacobson,3/16/2022,https://www.politifact.com/factchecks/2022/mar/16/joe-biden/joe-biden-blame-putin-high-gasoline-prices/,FALSE
91,true,Lee Zeldin,"""New York leads the U.S. in population loss.""",4/12/2022,social_media,Elizabeth Egan,5/6/2022,https://www.politifact.com/factchecks/2022/may/06/lee-zeldin/does-new-york-lead-nation-population-loss/,FALSE
92,half-true,Our American Century,"Kathy Barnette ""pretends she's America First, but repeatedly attacked President Trump.""",5/13/2022,advertisement,Tom Kertscher,5/17/2022,https://www.politifact.com/factchecks/2022/may/17/our-american-century/senate-hopeful-kathy-barnette-criticized-trump-unt/,FALSE
95,mostly-false,Instagram posts,"""The Supreme Court ruled that border agents can enter anyone’s home within a 100-mile radius of the border without a warrant for any reason and federal courts cannot do anything about it.""",6/21/2022,social_media,Grace Abels,6/30/2022,https://www.politifact.com/factchecks/2022/jun/30/instagram-posts/no-border-patrol-agents-cant-enter-home-without-wa/,FALSE
96,half-true,Alma Adams,"""From 1917 to 1994, half of the bills that were successfully filibustered in the Senate were civil rights legislation.""",1/11/2022,social_media,Paul Specht,1/24/2022,https://www.politifact.com/factchecks/2022/jan/24/alma-adams/did-civil-rights-bills-account-half-bills-successf/,TRUE
99,true,Brian Tyler Cohen,"""Iowa Republicans have introduced a bill that would put government-installed cameras in every single classroom to livestream school activities for parents to spy on teachers and children.""",2/2/2022,social_media,Rylee Wilson,2/8/2022,https://www.politifact.com/factchecks/2022/feb/08/brian-tyler-cohen/yes-iowa-republicans-bill-would-put-cameras-classr/,TRUE
100,mostly-false,National Republican Senatorial Committee,"Cheri Beasley tossed the conviction of a man seeking sex with a boy online and ""set free"" a child porn offender.",6/6/2022,advertisement,Paul Specht,6/6/2022,https://www.politifact.com/factchecks/2022/jun/07/national-republican-senatorial-committee/nrsc-exaggerates-effect-beasley-rulings-sex-offens/,TRUE
102,false,Viral image,Quotes show Joseph Stalin and Joe Biden expressed similar views about counting votes.,1/24/2022,social_media,Ciara O'Rourke,1/27/2022,https://www.politifact.com/factchecks/2022/jan/27/viral-image/no-biden-stalin-didnt-say-same-thing-about-countin/,FALSE
103,half-true,National Republican Senatorial Committee,"Cheri Beasley ""vacated"" a man’s death sentence and ""threw out"" the indictment in a child assault case.",5/13/2022,advertisement,Paul Specht,5/25/2022,https://www.politifact.com/factchecks/2022/may/25/national-republican-senatorial-committee/nrsc-ad-attacks-2-beasley-rulings-omits-context/,FALSE
104,true,Eric Toney,"The state crime lab under Attorney General Josh Kaul ""is testing significantly less items than former AG Brad Schimel and is still taking longer to test many categories of key items in comparison to Schimel, including DNA.""",4/14/2022,news,D.L. Davis,5/10/2022,https://www.politifact.com/factchecks/2022/may/10/eric-toney/state-crime-lab-doing-less-testing-and-generally-t/,TRUE
105,true,Kathy Hochul,"""We are No. 1 among all large states in having fully vaccinated teenagers. We are No. 2 in all large states for having fully vaccinated five- to 11- year-olds.""",2/27/2022,news,Jill Terreri Ramos,3/11/2022,https://www.politifact.com/factchecks/2022/mar/11/kathy-hochul/new-york-leader-vaccines-young-people-among-large-/,FALSE
106,mostly-false,Lars Larson,"""Judge Jackson doesn’t think perverts should have to register (as sex offenders). She says it ‘stigmatizes’ THEM.""",3/21/2022,social_media,Yacob Reyes,3/25/2022,https://www.politifact.com/factchecks/2022/mar/25/lars-larson/lars-larson-leaves-out-context-judge-ketanji-brown/,TRUE
108,true,Ted Cruz,"""In 2020, more journalists were killed in Mexico than in any other country in the world.""",2/16/2022,meeting,Nusaiba Mizan,2/28/2022,https://www.politifact.com/factchecks/2022/feb/28/ted-cruz/ted-cruz-right-more-journalists-killed-mexico-any-/,TRUE
109,true,Andrea Stewart-Cousins,"When the New York State Senate voted to legalize abortion in 1970, 12 Republican senators voted in favor of it.",5/3/2022,news,Jill Terreri Ramos,5/7/2022,https://www.politifact.com/factchecks/2022/may/07/andrea-stewart-cousins/more-50-years-ago-new-york-republican-support-abor/,FALSE
110,true,Jen Psaki,"""You are 17 times more likely to go to the hospital if you’re not vaccinated, 20 times more likely to die.""",1/10/2022,news,Madison Czopek,1/12/2022,https://www.politifact.com/factchecks/2022/jan/12/jen-psaki/data-suggests-unvaccinated-are-20-times-more-likel/,FALSE
111,mostly-true,Chuck Todd,"""Clarence Thomas is about to become the only member of the current Supreme Court who was nominated by a president of one party and confirmed by a Senate controlled by the other party.""",1/30/2022,news,Louis Jacobson,1/31/2022,https://www.politifact.com/factchecks/2022/jan/31/chuck-todd/supreme-court-nominees-confirmed-opposite-party-se/,TRUE
113,mostly-false,Facebook posts,"""Alopecia isn't a medical disease; it's an aesthetic one.""",3/28/2022,blog,Monique Curet,3/30/2022,https://www.politifact.com/factchecks/2022/mar/30/facebook-posts/some-types-alopecia-are-disease/,FALSE
114,false,Instagram posts,"White supremacists are going to be ""shooting up all Walmarts and will kill Blacks and Mexicans"" in San Bernardino, California.",6/4/2022,social_media,Jeff Cercone,6/8/2022,https://www.politifact.com/factchecks/2022/jun/08/instagram-posts/rumors-race-based-threats-walmart-stores-san-berna/,FALSE
117,false,Instagram posts,China: U.S. has biological weapons labs in Ukraine.,3/9/2022,social_media,Monique Curet,3/10/2022,https://www.politifact.com/factchecks/2022/mar/10/instagram-posts/china-repeats-false-claim-us-has-biolabs-ukraine/,TRUE
121,false,Facebook posts,"""They just exposed Mark Zuckerberg as a CIA agent.""",5/23/2022,social_media,Ciara O'Rourke,5/25/2022,https://www.politifact.com/factchecks/2022/may/25/facebook-posts/no-mark-zuckerberg-wasnt-exposed-cia-agent/,FALSE
122,half-true,Glenn Youngkin,"Virginia’s ""education standards for math and reading are now the lowest in the nation.""",1/17/2022,speech,Warren Fiske,1/21/2022,https://www.politifact.com/factchecks/2022/jan/21/glenn-youngkin/youngkins-claim-about-virginias-low-k-12-standards/,FALSE
123,mostly-false,Facebook posts,"Germany imposes a 19% tax on feminine hygiene products but a 7% tax on books, so one company is packaging tampons as books.",4/29/2022,blog,Monique Curet,3/31/2022,https://www.politifact.com/factchecks/2022/mar/31/facebook-posts/claim-about-german-tax-feminine-hygiene-products-r/,TRUE
124,mostly-true,Joe Biden,"The Supreme Court decision overturning Roe v. Wade ""made the United States an outlier among developed nations in the world"" on abortion rights.",6/24/2022,speech,Madison Czopek,6/24/2022,https://www.politifact.com/factchecks/2022/jun/24/joe-biden/roe-reversal-ending-national-access-abortion-makes/,TRUE
130,half-true,Facebook posts,"Photo shows a Home Depot worksheet on ""privilege"" used to train its employees.",3/22/2022,social_media,Samantha Putterman,3/24/2022,https://www.politifact.com/factchecks/2022/mar/24/facebook-posts/home-depot-document-racial-and-social-privilege-is/,TRUE
131,half-true,Facebook posts,"""Wladimir Klitschko has auctioned off his 1996 Atlanta Olympic Games gold medal to raise money for the children of Ukraine.""",3/14/2022,social_media,Bill McCarthy,3/16/2022,https://www.politifact.com/factchecks/2022/mar/16/facebook-posts/ukrainian-boxing-star-auctioned-olympic-gold-medal/,TRUE
133,false,Facebook posts,"""Ivanka Trump charged with major crime.""",2/15/2022,social_media,Jeff Cercone,2/17/2022,https://www.politifact.com/factchecks/2022/feb/17/facebook-posts/no-ivanka-trump-not-facing-any-criminal-charges/,FALSE
134,half-true,Facebook posts,"""India has nearly 1.4 billion citizens. Nearly 800 million of them live in extreme poverty — less than $1.90 per day. Yet EVERY singly (sic) Indian citizen is required to have a valid form of ID to vote in national elections.""",1/12/2022,blog,Monique Curet,1/19/2022,https://www.politifact.com/factchecks/2022/jan/19/facebook-posts/india-requires-voter-id-its-system-still-leaves-so/,FALSE
139,mostly-true,Tony Kurtz,"If Wisconsin Gov. Tony Evers ""had passed his (gas) tax increases ... fuel prices would be at least a dime higher.",4/7/2022,social_media,D.L. Davis,4/19/2022,https://www.politifact.com/factchecks/2022/apr/19/tony-kurtz/yes-gas-tax-hike-plan-would-have-added-least-dime-/,FALSE
140,false,Facebook posts,"""Space X’s Starlink internet constellation has angered Russia as it was reported that the Starlink satellite constellation was used to guide the fire"" on the Russian ship Moskva.",4/30/2022,blog,Monique Curet,5/5/2022,https://www.politifact.com/factchecks/2022/may/05/facebook-posts/no-credible-reports-indicate-starlink-was-used-rus/,TRUE
147,half-true,Jonathan Turley,"""The majority of citizens in the country will have no change at all because … most of the population resides in states that have already protected abortion rights.""",6/24/2022,news,Louis Jacobson,6/27/2022,https://www.politifact.com/factchecks/2022/jun/27/jonathan-turley/complicated-calculation-determine-what-share-popul/,TRUE
148,mostly-true,Facebook posts,"""The Red Cross sells your donated blood to hospitals for $150 and then that hospital charges you thousands for a blood transfusion.""",4/18/2022,social_media,Madison Czopek,4/28/2022,https://www.politifact.com/factchecks/2022/apr/28/facebook-posts/fact-checking-claim-about-red-cross-and-blood-sold/,FALSE
149,half-true,Facebook posts,"""Joe Biden is giving smartphones away to illegal border crossers.""",4/11/2022,social_media,Andy Nguyen,4/14/2022,https://www.politifact.com/factchecks/2022/apr/14/facebook-posts/claim-about-smartphones-given-immigrants-misses-ke/,TRUE
151,true,Democratic Party of Wisconsin,"""The tax carve out (Ron) Johnson spearheaded overwhelmingly benefited the wealthiest, over small businesses.""",4/29/2022,news,Madeline Heim,6/7/2022,https://www.politifact.com/factchecks/2022/jun/07/state-democratic-party-wisconsin/yes-tax-break-ron-johnson-pushed-2017-has-benefite/,FALSE
154,mostly-false,Maria Bartiromo,"""We have doubled our (oil) imports from Russia in the last year.""",2/22/2022,television,Yacob Reyes,2/28/2022,https://www.politifact.com/factchecks/2022/feb/28/maria-bartiromo/us-did-not-double-oil-imports-russia-last-year/,FALSE
155,mostly-false,Facebook posts,"As with people vaccinated against COVID-19, ""many people who were NOT vaccinated also experienced zero or mild symptoms.""",4/8/2022,blog,Monique Curet,4/11/2022,https://www.politifact.com/factchecks/2022/apr/11/facebook-posts/hospitalizations-deaths-are-not-same-among-unvacci/,TRUE
156,mostly-false,Instagram posts,"""The CEO of Moderna deleted his Twitter and dumped $400 million of Moderna stock. Big Pharma seems to know some bad news is coming.""",2/15/2022,social_media,Sara Swann,2/17/2022,https://www.politifact.com/factchecks/2022/feb/17/instagram-posts/no-link-between-moderna-ceos-deleted-twitter-and-s/,FALSE
157,true,Tony Evers,"he has issued more pardons than ""any Wisconsin governor in contemporary history.""",1/13/2022,news,Alan Hovorka,2/15/2022,https://www.politifact.com/factchecks/2022/feb/15/tony-evers/heres-how-gov-tony-evers-blistering-pace-pardons-s/,TRUE
158,true,Joni Ernst,"In Iowa, ""since we have put a number of the voting laws into place over the last several years — voter ID is one of those — we've actually seen voter participation increase, even in off-election years.""",1/23/2022,news,Lyle Muller,1/26/2022,https://www.politifact.com/factchecks/2022/jan/26/joni-ernst/numbers-back-joni-ernst-claim-record-iowa-voter-tu/,FALSE
160,false,Instagram posts,"The Centers for Disease Control and Prevention has amassed the ""largest collection of human data in history"" through COVID-19 PCR tests.",2/17/2022,social_media,Yacob Reyes,2/23/2022,https://www.politifact.com/factchecks/2022/feb/23/instagram-posts/no-cdc-not-collecting-human-dna-covid-19-pcr-tests/,FALSE
161,mostly-true,Zach Wahls,"""There are fewer Iowans working today than when Gov. Reynolds took office.""",5/31/2022,statement,Lyle Muller,6/9/2022,https://www.politifact.com/factchecks/2022/jun/09/zach-wahls/iowas-jobs-numbers-now-will-be-recalculated/,FALSE
165,mostly-true,Facebook posts,"U.S. imports 1% of its oil from Russia while ""Exxon, Chevron, BP and Shell profits are at their highest level in over 7 years.""",3/7/2022,social_media,Andy Nguyen,3/10/2022,https://www.politifact.com/factchecks/2022/mar/10/facebook-posts/yes-oil-companies-are-reporting-record-breaking-pr/,FALSE
166,half-true,Crystal Peoples-Stokes,"""Cities in notoriously ‘tough on crime’ states like Texas and Florida saw a more significant increase in violent crime than cities in NYS.""",3/29/2022,news,Jill Terreri Ramos,4/16/2022,https://www.politifact.com/factchecks/2022/apr/16/crystal-peoples-stokes/claim-about-crime-other-states-context-needed/,TRUE
167,half-true,Cavalier Johnson,"The RNC is ""a $200 million economic infusion into our communities.""",5/27/2022,news,Vanessa Swales,7/8/2022,https://www.politifact.com/factchecks/2022/jul/08/cavalier-johnson/mayor-johnson-overestimates-economic-benefit-hosti/,TRUE
169,half-true,Joe Biden,"""For four years, I was a full professor at the University of Pennsylvania.""",4/14/2022,speech,Louis Jacobson,4/22/2022,https://www.politifact.com/factchecks/2022/apr/22/joe-biden/fact-checking-joe-biden-being-full-professor-four-/,FALSE
171,mostly-false,Rebecca Kleefisch,"Gov. Tony Evers gave $2.4 million in COVID relief money to Planned Parenthood affiliates throughout Wisconsin ""to bail them out and fund abortions.""",3/9/2022,campaign,Madeline Heim,3/25/2022,https://www.politifact.com/factchecks/2022/mar/25/rebecca-kleefisch/yes-evers-gave-covid-relief-money-planned-parentho/,FALSE
172,mostly-true,Patrick Gaspard,"""Inflation has been caused by the global economies shutting down all at once, reopening all at once. And … the U.S. economy is recovering at a far faster pace than any other country in the OECD.""",2/13/2022,television,Louis Jacobson,2/16/2022,https://www.politifact.com/factchecks/2022/feb/16/patrick-gaspard/us-economic-growth-exceeds-rivals-and-has-contribu/,FALSE
175,true,Glenn Grothman,"""The US has made strides in reducing carbon emissions that other parts of the world have not.""",2/3/2022,social_media,D.L. Davis,3/11/2022,https://www.politifact.com/factchecks/2022/mar/11/glenn-grothman/us-making-progress-cutting-greenhouse-gas-emission/,TRUE
184,false,Facebook posts,"President Joe Biden was confused, ""turned around and shook hands with thin air"" after a speech.",4/14/2022,social_media,Gabrielle Settles,4/19/2022,https://www.politifact.com/factchecks/2022/apr/19/facebook-posts/biden-was-gesturing-towards-his-audience-not-shaki/,TRUE
187,mostly-false,Rebecca Kleefisch,"""As your Lieutenant Governor…I cut your taxes.""",3/28/2022,advertisement,Laura Schulte,4/13/2022,https://www.politifact.com/factchecks/2022/apr/13/rebecca-kleefisch/kleefisch-didnt-have-power-cut-taxes-her-own-lieut/,FALSE
189,mostly-false,Nikki Fried,"""Charlie Crist is pro-life.""",6/28/2022,campaign,Yacob Reyes,7/5/2022,https://www.politifact.com/factchecks/2022/jul/05/nikki-fried/nikki-frieds-ad-misleads-crists-position-abortion-/,FALSE
192,false,Facebook posts,"""News report accidentally reveals doctors giving ‘banned’ COVID treatment to the Queen.""",2/21/2022,social_media,Madison Czopek,2/24/2022,https://www.politifact.com/factchecks/2022/feb/24/facebook-posts/no-news-report-didnt-reveal-doctors-gave-queen-eli/,FALSE
196,mostly-true,Steve Kerr,"""90% of Americans, regardless of political party, want universal background checks.""",5/24/2022,news,Amy Sherman,5/25/2022,https://www.politifact.com/factchecks/2022/may/25/steve-kerr/polls-consistently-show-high-support-gun-backgroun/,FALSE
197,mostly-false,Facebook posts,"""Finland joins NATO.""",5/15/2022,social_media,Ciara O'Rourke,5/16/2022,https://www.politifact.com/factchecks/2022/may/16/facebook-posts/finlands-nato-membership-not-final/,FALSE
198,mostly-true,House Republican Conference,"""Bennie Thompson objected to the 2004 Presidential election.""",6/9/2022,social_media,Louis Jacobson,6/10/2022,https://www.politifact.com/factchecks/2022/jun/10/house-republicans/fact-checking-whether-bennie-thompson-objected-200/,TRUE
199,mostly-false,Facebook posts,"""If you earn $100 and pay $33 income tax you’re left with $67. You then buy $67 worth of fuel and in doing so pay a 48% fuel tax (fuel tax = $32.16 + $6.70 GST). This means that the government just got $71.86 tax from your hard earned $100.""",4/9/2022,social_media,Sara Swann,5/6/2022,https://www.politifact.com/factchecks/2022/may/06/facebook-posts/claim-exaggerates-fuel-tax-rates-australia-and-can/,TRUE
200,mostly-true,Claudia Tenney,"In 2021, ""11,201 pounds of fentanyl were seized by Customs and Border Protection, which is enough to kill every American nearly seven times over.""",4/1/2022,news,Elizabeth Egan,4/27/2022,https://www.politifact.com/factchecks/2022/apr/27/claudia-tenney/can-fentanyl-seized-border-kill-every-american-sev/,FALSE
202,false,Instagram posts,"""Finnish Court rules sex with children is permitted.""",4/18/2022,social_media,Samantha Putterman,4/26/2022,https://www.politifact.com/factchecks/2022/apr/26/instagram-posts/viral-claim-distorts-finnish-law-child-sex-abuse/,FALSE
203,mostly-true,Chuck Grassley,"""During the first 3 months of FY2022 Customs& Border Protection recorded 518k encounters w illegal immigrants at S border That’s up 137% from same point in FY2021.""",2/5/2022,social_media,Lauren White,3/3/2022,https://www.politifact.com/factchecks/2022/mar/03/chuck-grassley/border-encounters-partially-due-covid-19-expulsion/,TRUE
205,half-true,Tim Ryan,"""J.D. Vance profits off Russia propaganda.""",5/10/2022,advertisement,Jon Greenberg,5/24/2022,https://www.politifact.com/factchecks/2022/may/24/tim-ryan/does-jd-vance-profit-russia-propaganda/,FALSE
206,mostly-false,Bloggers,"""Japan drops all vaxxine mandates, places myocarditis warning on label.""",1/6/2022,news,Monique Curet,1/12/2022,https://www.politifact.com/factchecks/2022/jan/12/blog-posting/headline-about-japan-dropping-vaccine-mandates-mis/,FALSE
207,mostly-true,Kathy Barnette,"Joe Biden ""inherited inflation of 1.7%. Now we're well over 8% and growing.""",5/12/2022,news,Louis Jacobson,5/13/2022,https://www.politifact.com/factchecks/2022/may/13/kathy-barnette/kathy-barnette-largely-correct-course-inflation-un/,FALSE
208,true,Kelda Helen Roys,"Due to U.S. Senate rules, Democrats need ""more than a majority ... to codify Roe vs. Wade.""",5/8/2022,news,D.L. Davis,5/11/2022,https://www.politifact.com/factchecks/2022/may/11/kelda-helen-roys/yes-democrats-do-need-more-majority-codify-roe-vs-/,FALSE
209,true,Iowa Senate Democrats,"Gov. Kim Reynolds, touting $210 million for Iowa broadband, ""failed to mention these are actually federal funds approved by Rep. Cindy Axne and signed into law by President Joe Biden.""",1/5/2022,statement,Nina Baker,1/11/2022,https://www.politifact.com/factchecks/2022/jan/11/iowa-senate-democrats/iowa-broadband-touted-republicans-was-funded-democ/,FALSE
213,mostly-true,Raphael Warnock,"""While the initial increase in oil prices resulted in a near instantaneous increase in gas prices for consumers, the subsequent decrease in crude oil prices has failed to meaningfully provide relief for Georgia's families at the pump.""",4/5/2022,statement,Louis Jacobson,4/20/2022,https://www.politifact.com/factchecks/2022/apr/20/raphael-warnock/fact-checking-warnocks-statement-drop-oil-prices-d/,FALSE
214,mostly-true,Melanie D'Arrigo,"""Teachers can only deduct up to $250 for school supplies on their taxes, but billionaires can write off the entire cost of a private jet.""",2/6/2022,social_media,Jill Terreri Ramos,2/18/2022,https://www.politifact.com/factchecks/2022/feb/18/melanie-darrigo/tax-code-offers-write-offs-some-private-plane-purc/,FALSE
216,mostly-false,Facebook posts,"""Biden and most Democrats want to cap insulin prices at $35 per month. All 50 Republicans in the Senate are opposed to it.""",2/7/2022,social_media,Jeff Cercone,2/10/2022,https://www.politifact.com/factchecks/2022/feb/10/facebook-posts/republicans-opposed-build-back-better-whole-not-ne/,FALSE
217,mostly-false,Ron DeSantis,"the Biden administration’s Unaccompanied Alien Children process has ""no vetting, no transparency.""",2/7/2022,news,Yacob Reyes,2/18/2022,https://www.politifact.com/factchecks/2022/feb/18/ron-desantis/fact-checking-ron-desantis-claim-us-process-smuggl/,FALSE
221,mostly-false,Greg Abbott,"""We need to realize that people who think that ‘well, maybe if we could just implement tougher gun laws, it’s going to solve it,’ Chicago and LA and New York disprove that thesis.""",5/25/2022,news,Analisa Trofimuk,6/3/2022,https://www.politifact.com/factchecks/2022/jun/03/greg-abbott/texas-gov-greg-abbott-claims-chicagos-tougher-gun-/,FALSE
222,mostly-true,Glenn Youngkin,"""Sixty percent of (Virginia's) children don’t meet national proficiency standards…""",1/17/2022,speech,Warren Fiske,2/2/2022,https://www.politifact.com/factchecks/2022/feb/02/glenn-youngkin/are-60-virginia-students-testing-below-us-proficie/,FALSE
223,mostly-true,Charles Schumer,"""The leading cause of death among children is a firearm.""",5/25/2022,speech,Jill Terreri Ramos,6/4/2022,https://www.politifact.com/factchecks/2022/jun/04/charles-schumer/among-children-firearms-leading-cause-death-2020/,TRUE
234,mostly-true,Christine Drazan,"""Governor Kate Brown wants to make Oregon’s mask mandate PERMANENT.""",1/5/2022,social_media,Gabrielle Settles,2/7/2022,https://www.politifact.com/factchecks/2022/feb/07/christine-drazan/bringing-more-context-light-about-permanent-mandat/,TRUE
237,false,Tweets,Gilbert Gottfried died from the COVID-19 vaccine.,4/12/2022,social_media,Ciara O'Rourke,4/13/2022,https://www.politifact.com/factchecks/2022/apr/13/tweets/gilbert-gottfried-didnt-die-covid-19-vaccine/,FALSE
238,mostly-false,Democratic Party of Wisconsin,"Republican politicians are pushing a plan ""that could raise taxes on almost one in three Wisconsinites and sunset Social Security and Medicare in five years.""",5/2/2022,news,D.L. Davis,6/15/2022,https://www.politifact.com/factchecks/2022/jun/15/state-democratic-party-wisconsin/democrats-still-exaggerating-gop-backing-scotts-pl/,TRUE
239,mostly-false,Ron Klain,"The economy was ""dead in the water when we got here. Virtually no jobs created.""",4/3/2022,news,Louis Jacobson,4/4/2022,https://www.politifact.com/factchecks/2022/apr/04/ron-klain/ron-klain-exaggerates-turnaround-jobs-joe-bidens-w/,TRUE
242,half-true,Dan Sullivan,"In cutting greenhouse gas emissions, the United States is ""the leader in the world by far.""",3/23/2022,testimony,Jon Greenberg,4/6/2022,https://www.politifact.com/factchecks/2022/apr/06/dan-sullivan/does-us-lead-cutting-greenhouse-gases-it-depends-h/,FALSE
243,mostly-true,Sarah Godlewski,"""Here in Wisconsin, prescription drug costs grew at a pace of nearly twice as much as the average Wisconsinite's income from 2015-2019.""",2/18/2022,campaign,D.L. Davis,3/8/2022,https://www.politifact.com/factchecks/2022/mar/08/sarah-godlewski/claim-prescription-drug-costs-have-grown-nearly-tw/,TRUE
244,true,Levar Stoney,"""In Virginia, Black people are eight times (8X) more likely than white people to die of gun homicide.""",6/16/2022,social_media,Warren Fiske,6/24/2022,https://www.politifact.com/factchecks/2022/jun/24/levar-stoney/virginia-blacks-eight-times-more-likely-whites-be-/,FALSE
246,mostly-false,Richard Irvin,"""In my first year in office, Aurora homicides went down by 40%.""",2/20/2022,social_media,Analisa Trofimuk,3/6/2022,https://www.politifact.com/factchecks/2022/mar/06/richard-irvin/aurora-mayor-richard-irvin-says-he-reduced-homicid/,FALSE
248,mostly-true,USA Freedom Fund,"""Kathy Barnette wants to build a statue of Barack Obama right next to the one of Abraham Lincoln on Capitol Hill.""",5/11/2022,advertisement,Jon Greenberg,5/13/2022,https://www.politifact.com/factchecks/2022/may/13/usa-freedom-fund/pennsylvania-us-senate-candidate-kathy-barnette-wa/,FALSE
251,mostly-true,Greg Abbott,"""As compared to last year, Texas has about 15% more power generation capacity.""",2/3/2022,news,Nusaiba Mizan,4/4/2022,https://www.politifact.com/factchecks/2022/apr/04/greg-abbott/abbott-referred-installed-capacity-grid-not-power-/,FALSE
253,mostly-false,Joe Biden,"""This country’s working people actually got a raise.""",1/19/2022,news,Jon Greenberg,1/20/2022,https://www.politifact.com/factchecks/2022/jan/20/joe-biden/bidens-boast-about-rising-wages-ignores-effect-inf/,FALSE
254,half-true,Harry Wilson,"Lee Zeldin ""voted for Cuomo’s Billion Dollar Tax hike and every Cuomo budget.""",5/6/2022,campaign,Jill Terreri Ramos,5/27/2022,https://www.politifact.com/factchecks/2022/may/27/harry-wilson/wilsons-claim-zeldin-budget-votes-not-fully-accura/,FALSE
257,mostly-false,Facebook posts,The IRS is taking money away from people who received unemployment benefits.,2/20/2022,social_media,Jill Terreri Ramos,3/3/2022,https://www.politifact.com/factchecks/2022/mar/03/facebook-posts/misleading-post-links-unemployment-benefits-and-re/,FALSE
262,mostly-true,Wisconsin Senate Republicans,"Gov. Tony Evers has ""only gotten one-third of the money meant for COVID relief out the door. He is sitting on $930 million in ARPA funds left unspent. In fact, he still has CARES Act money from two years ago.""",2/2/2022,social_media,Madeline Heim,2/25/2022,https://www.politifact.com/factchecks/2022/feb/25/wisconsin-senate-republicans/senate-republicans-mostly-right-amount-arpa-cares-/,FALSE
263,half-true,Ted Cruz,"In 2013, under a Democratic Senate, ""a majority of the Senate voted in favor of"" gun-related legislation sponsored by Republican Sens. Chuck Grassley and Ted Cruz, ""but the Democrats filibustered it.""",5/26/2022,news,Louis Jacobson,5/27/2022,https://www.politifact.com/factchecks/2022/may/27/ted-cruz/ted-cruz-spins-partisan-blame-failure-gun-legislat/,FALSE
264,false,Facebook posts,"George Soros injected ""$33 million"" into Black Lives Matter.",4/9/2022,social_media,Yacob Reyes,4/18/2022,https://www.politifact.com/factchecks/2022/apr/18/facebook-posts/soros-alleged-support-black-lives-matter-resurges-/,FALSE
267,mostly-true,Bobby Scott,"""Public schools are now as segregated by race and class as they were in the 1960s.""",5/18/2022,testimony,Warren Fiske,6/8/2022,https://www.politifact.com/factchecks/2022/jun/08/bobby-scott/are-american-schools-more-segregated-today-1960s/,FALSE
268,half-true,Greg Casar,"""Greg Casar passed paid sick leave.""",2/8/2022,advertisement,Tom Kertscher,2/10/2022,https://www.politifact.com/factchecks/2022/feb/10/greg-casar/texas-us-house-candidate-led-passage-austin-paid-s/,FALSE
270,true,Cavalier Johnson,"In a recent year, the Milwaukee Police Department ""collected more guns per capita off the streets than in New York.""",4/9/2022,news,Vanessa Swales,5/24/2022,https://www.politifact.com/factchecks/2022/may/24/cavalier-johnson/milwaukees-high-gun-rate-rivals-new-yorks/,FALSE
271,mostly-true,JB Pritzker,"""A larger percentage of Illinoisans have been vaccinated than in any other Midwestern state.""",2/2/2022,speech,Analisa Trofimuk,2/11/2022,https://www.politifact.com/factchecks/2022/feb/11/jb-pritzker/does-illinois-have-larger-percentage-vaccinations-/,FALSE
272,mostly-true,Mike Gallagher,"""Inflation has gone up every month of the Biden presidency and just hit another 40-year high.""",4/12/2022,news,Laura Schulte,4/22/2022,https://www.politifact.com/factchecks/2022/apr/22/mike-gallagher/yes-inflation-40-year-high-and-rates-have-been-cli/,TRUE
273,half-true,Facebook posts,"The United Nations sent out an email instructing staff not to use the words ""invasion"" or ""war’"" when referring to Ukraine.",3/17/2022,social_media,Samantha Putterman,3/28/2022,https://www.politifact.com/factchecks/2022/mar/28/facebook-posts/claim-un-told-staff-not-use-war-invasion-describe-/,FALSE
274,true,Jennifer McClellan,"""More than half of Virginia’s school buildings are older than 50 years.""",2/15/2022,news,Warren Fiske,2/18/2022,https://www.politifact.com/factchecks/2022/feb/18/jennifer-mcclellan/yes-most-virginia-schools-are-over-50-years-old/,TRUE
277,mostly-false,Facebook posts,"""NEW: Biden Admin. instructs Americans to social distance and wear masks in the event of a Nuclear Fallout.""",3/1/2022,social_media,Madison Czopek,3/3/2022,https://www.politifact.com/factchecks/2022/mar/03/facebook-posts/fema-added-covid-19-safety-measures-nuclear-explos/,FALSE
278,mostly-true,Beto O'Rourke,"""Under Greg Abbott, property taxes have gone up $20 billion.""",4/23/2022,social_media,Nusaiba Mizan,5/19/2022,https://www.politifact.com/factchecks/2022/may/19/beto-orourke/orourke-right-about-estimated-property-tax-revenue/,FALSE
283,mostly-true,Facebook posts,"""Florida Highway Patrol has a semi-truck … The FHP uses a fleet of three such ‘hidden in plain sight’ trucks to snitch on bad drivers.""",5/17/2022,social_media,Yacob Reyes,5/26/2022,https://www.politifact.com/factchecks/2022/may/26/facebook-posts/florida-uses-semitrucks-patrol-vehicles-theyre-mar/,TRUE
285,false,Stephen Miller,"""She was asked about gasoline prices ... and she tried to defer to President Duda, the Polish president.""",3/13/2022,news,Jeff Cercone,3/14/2022,https://www.politifact.com/factchecks/2022/mar/14/stephen-miller/no-kamala-harris-didnt-defer-polish-president-gas-/,FALSE
286,half-true,Jake LaTurner,"The Keystone XL pipeline ""would have produced 830,000 barrels of oil per day, more than enough to offset what we import from Russia.""",2/25/2022,advertisement,Tom Kertscher,2/28/2022,https://www.politifact.com/factchecks/2022/feb/28/jake-laturner/keystone-wouldnt-simply-offset-oil-us-imports-russ/,FALSE
287,mostly-true,Liz Mathis,"""Ashley Hinson voted against the bipartisan infrastructure bill that made this money (for Iowa's locks and dams) possible. Once again she’s taking credit for work she didn’t do.""",1/21/2022,social_media,Lauren White,1/21/2022,https://www.politifact.com/factchecks/2022/jan/21/liz-mathis/hinson-joined-letter-iowa-lock-and-dam-money-she-d/,FALSE
289,mostly-true,Iowa House Democrats,"""According to Republican Rep. Jeff Shipley, teachers should not receive a pay raise if they teach American history that Republicans don’t agree with.""",2/10/2022,social_media,Meg Doster,3/1/2022,https://www.politifact.com/factchecks/2022/mar/02/iowa-house-democrats/jeff-shipley-says-teachers-should-not-get-raises-i/,FALSE
291,half-true,Facebook posts,"""JUST IN: The Vatican has invited Chelsea Clinton, Dr. Fauci, New Age figure Deepak Chopra and the CEOs of Moderna and Pfizer to speak at a May conference focusing on 'health' and the 'soul.'""",3/27/2022,blog,Monique Curet,3/29/2022,https://www.politifact.com/factchecks/2022/mar/29/facebook-posts/vatican-conference-was-held-2021-not-upcoming/,FALSE
294,true,Robert Ortt,"""With the ongoing pandemic, our State Park attendance is at the highest it’s ever been.""",1/22/2022,news,Meghan Hall,3/9/2022,https://www.politifact.com/factchecks/2022/mar/09/robert-ortt/did-ny-state-park-attendance-set-record-during-pan/,TRUE
297,true,Tony Evers,"""Wisconsin's archaic abortion ban is older than 20 states.""",6/13/2022,campaign,Laura Schulte,6/22/2022,https://www.politifact.com/factchecks/2022/jun/22/tony-evers/yes-wisconsins-abortion-law-older-20-us-states/,TRUE
299,mostly-false,Nancy Pelosi,"""When unemployment goes down, inflation goes up.""",5/15/2022,news,Louis Jacobson,5/17/2022,https://www.politifact.com/factchecks/2022/may/17/nancy-pelosi/nancy-pelosi-repeats-outdated-economic-theory-link/,FALSE
302,half-true,Jamaal Bowman,"""More white legacy students get admitted to top universities than Black & Latinx students admitted through affirmative action.""",1/26/2022,social_media,Elizabeth Egan,3/7/2022,https://www.politifact.com/factchecks/2022/mar/07/jamaal-bowman/fact-checking-rep-jamaal-bowman-legacy-admissions-/,TRUE
305,false,Facebook posts,"El atacante en Uvalde, Texas estaba en Estados Unidos ilegalmente.",5/24/2022,social_media,Monique Curet,5/25/2022,https://www.politifact.com/factchecks/2022/may/25/facebook-posts/el-autor-del-tiroteo-en-una-escuela-en-texas-no-er/,FALSE
306,mostly-true,Dave McCormick,"Mehmet Oz ""called for a New Zealand-style gun ban"" and said ""Americans should have less access to guns.""",4/4/2022,advertisement,Tom Kertscher,4/15/2022,https://www.politifact.com/factchecks/2022/apr/15/dave-mccormick/n-pa-senate-run-dr-oz-casts-self-pro-second-amendm/,FALSE
308,half-true,Facebook posts,"""U.S. Orders MILLIONS Of Smallpox Vaccines Amid Global Monkeypox Outbreak.""",5/21/2022,social_media,Ciara O'Rourke,6/8/2022,https://www.politifact.com/factchecks/2022/jun/08/facebook-posts/recent-us-smallpox-vaccine-order-unrelated-monkeyp/,TRUE
313,mostly-true,Don Beyer,"""... Justices Gorsuch, Kavanaugh, and Barrett assured the Senate Judiciary Committee and the American people that Roe v. Wade was ‘established precedent.’""",5/2/2022,social_media,Warren Fiske,5/5/2022,https://www.politifact.com/factchecks/2022/may/05/don-beyer/yes-trump-justices-said-roe-v-wade-was-precedent-c/,TRUE
317,mostly-false,Sean Spicer,"The Biden administration ""is spending $30 million on crack pipes.""",2/8/2022,social_media,Louis Jacobson,2/10/2022,https://www.politifact.com/factchecks/2022/feb/10/sean-spicer/no-white-house-isnt-spending-30-million-crack-pipe/,FALSE
319,half-true,Glenn Youngkin,"Virginia is ""one of only a handful of states that actually taxes our veterans’ retirement.""",2/17/2022,speech,Warren Fiske,2/23/2022,https://www.politifact.com/factchecks/2022/feb/23/glenn-youngkin/contrary-youngkin-more-handful-states-tax-military/,TRUE
321,false,Facebook posts,"""Large, peer-reviewed research study proves ivermectin works"" as a COVID-19 preventative.",1/20/2022,news,Jeff Cercone,1/28/2022,https://www.politifact.com/factchecks/2022/jan/28/facebook-posts/study-brazil-ivermectin-covid-19-prevention-flawed/,FALSE
322,false,Andy Biggs,"The U.S. Justice Department ""conservatively estimated that guns are used 1.5 million times per year to save lives.""",6/2/2022,statement,Jon Greenberg,6/6/2022,https://www.politifact.com/factchecks/2022/jun/06/andy-biggs/no-government-data-does-not-say-defensive-gun-use-/,FALSE
328,true,Kathy Hochul,"Since taking office, Hochul has passed more than 400 new bills",4/19/2022,campaign,Jill Terreri Ramos,4/30/2022,https://www.politifact.com/factchecks/2022/apr/30/kathy-hochul/new-york-state-so-many-bills/,FALSE
331,false,Viral image,"""Soldiers destroyed Russian tank with NLAW in ambush.""",5/18/2022,social_media,Ciara O'Rourke,5/19/2022,https://www.politifact.com/factchecks/2022/may/19/viral-image/footage-soldiers-destroying-russian-tank-isnt-real/,FALSE
334,mostly-false,Don Huffines,"""Under Greg Abbott’s leadership, Texas is putting taxpayer dollars into Chinese companies.""",2/12/2022,advertisement,Tom Kertscher,2/24/2022,https://www.politifact.com/factchecks/2022/feb/24/don-huffines/primary-texas-governor-misleading-claim-about-greg/,FALSE
337,mostly-true,Joe Biden,"The oil industry has ""9,000 permits to drill now. They could be drilling right now, yesterday, last week, last year.""",3/8/2022,speech,Yacob Reyes,3/9/2022,https://www.politifact.com/factchecks/2022/mar/09/joe-biden/fact-checking-bidens-claim-there-are-9000-unused-o/,TRUE
341,mostly-false,Instagram posts,"Map shows states where ""all of the children… are back to living mask-free, normal lives.""",2/14/2022,blog,Monique Curet,2/16/2022,https://www.politifact.com/factchecks/2022/feb/16/instagram-posts/absence-statewide-school-mask-mandates-does-not-me/,FALSE
343,half-true,Lindsey Graham,"""We’re one of the seven nations in the world that allow abortion on demand at 20 weeks.""",5/8/2022,news,Jon Greenberg,5/13/2022,https://www.politifact.com/factchecks/2022/may/13/lindsey-graham/fact-checking-lindsey-graham-us-allowing-abortions/,FALSE
345,mostly-false,Ron Johnson,"Gas prices are high ""due to the Democrats’ war on fossil fuels.""",3/18/2022,social_media,Laura Schulte,3/29/2022,https://www.politifact.com/factchecks/2022/mar/29/ron-johnson/no-democrats-arent-responsible-rising-gas-prices/,FALSE
346,false,Facebook posts,"""All communications to families from the US Navy have been halted.""",1/21/2022,social_media,Gabrielle Settles,1/25/2022,https://www.politifact.com/factchecks/2022/jan/25/facebook-posts/claim-us-navy-halted-all-communication-between-sai/,FALSE
347,half-true,Facebook posts,"""Amy Coney Barrett overturned a $6.7M verdict after a prison guard repeatedly raped a 19-year-old inmate who was 8 months pregnant.""",3/24/2022,social_media,Jeff Cercone,3/29/2022,https://www.politifact.com/factchecks/2022/mar/29/facebook-posts/barrett-was-one-three-judges-ruling-wisconsin-coun/,FALSE
350,half-true,Mandela Barnes,"U.S. Sen. Ron Johnson, his prospective opponent, has received $1.2 million from the gun lobby.",5/27/2022,news,Laura Schulte,6/28/2022,https://www.politifact.com/factchecks/2022/jun/28/mandela-barnes/barnes-partially-right-claim-johnson-has-received-/,TRUE
351,true,Melissa Agard,"Cannabis reform ""is supported by the majority of the residents of our state, including a majority of Republicans.""",4/11/2022,social_media,D.L. Davis,4/29/2022,https://www.politifact.com/factchecks/2022/apr/29/melissa-agard/yes-its-true-cannabis-reform-supported-wisconsin-i/,TRUE
352,mostly-false,Kayleigh McEnany,"""President Trump sanctioned Russia. President Biden gave them a pipeline.""",2/8/2022,social_media,Louis Jacobson,2/9/2022,https://www.politifact.com/factchecks/2022/feb/09/kayleigh-mcenany/kayleigh-mcenany-spins-comparison-trump-biden-russ/,TRUE
354,half-true,Mike Gibbons,"""J.D. Vance called for higher taxes.""",4/12/2022,advertisement,Tom Kertscher,4/22/2022,https://www.politifact.com/factchecks/2022/apr/22/mike-gibbons/senate-race-jd-vances-call-higher-taxes-only-certa/,FALSE
355,true,Nikki Fried,"Florida is ""49th in the nation when it comes to (Medicaid) funding"" for people with disabilities.",2/21/2022,speech,Yacob Reyes,3/14/2022,https://www.politifact.com/factchecks/2022/mar/14/nikki-fried/fact-checking-nikki-frieds-claim-about-floridas-me/,TRUE
356,false,Barbara Gaskins,"""The N.C. GOP came out in support of Sen. [Rick] Scott's extremist policy to ‘Rescue America.’""",5/24/2022,social_media,Paul Specht,6/7/2022,https://www.politifact.com/factchecks/2022/jun/07/barbara-gaskins/nc-democrat-falsely-says-state-gop-supports-contro/,FALSE
357,mostly-true,National Republican Senatorial Committee,"Cheri Beasley voted to reverse the conviction of an armed kidnapper, release a double murderer early.",6/14/2022,advertisement,Paul Specht,7/7/2022,https://www.politifact.com/factchecks/2022/jul/07/national-republican-senatorial-committee/checking-beasley-votes-armed-kidnapper-and-double-/,FALSE
