index,label,claim,results
1.0,FALSE,Wisconsin is on pace to double the number of layoffs this year.,half-true
2.0,FALSE,Says John McCain has done nothing to help the vets.,barely-true
3.0,half-true,Suzanne Bonamici supports a plan that will cut choice for Medicare Advantage seniors.,mostly-true
5.0,TRUE,Over the past five years the federal government has paid out $601 million in retirement and disability benefits to deceased former federal employees.,mostly-true
9.0,barely-true,We know that more than half of Hillary Clintons meetings while she was secretary of state were given to major contributors to the Clinton Foundation.,mostly-true
13.0,FALSE,"Says 57 percent of federal spending goes to the military and just 1 percent goes to food and agriculture, including food stamps.",FALSE
15.0,TRUE,Says the unemployment rate for college graduates is 4.4 percent and over 10 percent for noncollege-educated.,mostly-true
16.0,FALSE,Unfortunately we have documented instances where people defecated in the (Statehouse) building.,FALSE
19.0,FALSE,Ronald Reagan faced an even worse recession than the current one.,FALSE
21.0,half-true,Says Mitt Romney was one of the first national Republican leaders to endorse Marco Rubio.,half-true
26.0,barely-true,I was gone when there was a red line against Syria.,FALSE
29.0,mostly-true,Active duty males in the military are twice as likely to develop prostate cancer than their civilian counterparts.,mostly-true
31.0,FALSE,"Under Rosemary Lehmberg, the Travis County D.A.s office convened the grand jury that indicted Rick Perry.",half-true
32.0,half-true,On which team hes rooting for in the World Series.,half-true
34.0,TRUE,The United States has a low voter turnout rate.,half-true
36.0,barely-true,"Because of the federal health care law, 300,000 health plans canceled in Florida.",FALSE
40.0,barely-true,Pre-existing conditions are covered under my (health care) plan.,mostly-true
45.0,barely-true,"Says as a result of the national health care reform, the Congressional Budget Office says we save $250 million over the first 10 years. Over the next 10 years, we save $1.2 trillion in savings in terms of health care.",mostly-true
49.0,barely-true,A salesclerk at Hobby Lobby who needs contraception is not going to get that service through her employers health care plan because her employer doesnt think she should be using contraception.,TRUE
50.0,half-true,Says Charlie Crist voted against raising the minimum wage.,TRUE
51.0,barely-true,Hillary Clinton said gun confiscation would be worth considering.,FALSE
52.0,mostly-true,"Already, a prototype driverless car has traveled more than 300,000 miles in the crowded maze of California streets without a single accident.",barely-true
57.0,half-true,"Studies have shown that in the absence of federal reproductive health funds, we are going to see the level of abortion in Georgia increase by about 44 percent.",TRUE
62.0,TRUE,Says Bill and Hillary Clinton attended Donald Trumps last wedding.,FALSE
64.0,half-true,"Obamacare insurance cooperative failures should be expected because theyre like any business, and when you start businesses in America, at the fifth year, half of the businesses have closed.",FALSE
66.0,mostly-true,Says Marco Rubio said Social Security and Medicare haveweakened us as a people.,FALSE
70.0,half-true,"Of the 20 bills [Rep. David] Cicilline has sponsored in his three years in office, not a single one has advanced past the embryonic committee stage.",FALSE
72.0,barely-true,"Any state tax law has to start in the House and the renewal of the state hospital bed tax this year started in the Senate, which is unconstitutional.",barely-true
73.0,mostly-true,"Every child born today inherits a $30,000 share in a national debt that stands at more than $13 trillion.",FALSE
76.0,FALSE,What the facts say is ...the best scenario for kids is a loving mom and dad.,FALSE
77.0,FALSE,Says Mark Neumann = Nancy Pelosi,FALSE
78.0,half-true,"To hear Gov. Christie tell it, everything in New Jersey is going just fine. Well I see another New Jersey with 400,000 unemployed. One of the worst jobless rates in the country. Working and middle class families have seen costs soar, from property taxes to college tuition.",TRUE
79.0,barely-true,Says delegates cant legally change the Republican National Convention rules to prevent Donald Trumps nomination.,TRUE
82.0,TRUE,Providence has the lowest crime rate in three decades.,FALSE
83.0,FALSE,On banning earmarks.,mostly-true
86.0,barely-true,The decision for the United States to buy heavy water from Iran will directly subsidize Irans nuclear program.,barely-true
87.0,mostly-true,The Texas Department of Transportation... misplaced a billion dollars.,FALSE
88.0,FALSE,A judges order means theres a Constitution exemption zone if you live within 100 miles of the United States border.,mostly-true
89.0,TRUE,"Pepper ... kicked off a jock tax, imposing a levy on the sports and entertainment industry.",FALSE
91.0,TRUE,"Under Mayor Tom Barrett, the number of Milwaukee police officers has not increased.",mostly-true
92.0,barely-true,Taxpayers subsidize 80 percent of each MARTA trip,half-true
96.0,TRUE,"Before World War II, very few people actually had health insurance.",half-true
101.0,barely-true,"When Atlanta Police Chief George Turner was interim head of the department, overall crime fell 14 percent and violent crime dropped 22.7 percent.",mostly-true
105.0,half-true,Muslim nations did not call out the people who celebrated the 9/11 attacks.,FALSE
108.0,TRUE,Iran President Hassan Rouhani has more Cabinet members with Ph.D.s from American universities than members of Barack Obamas Cabinet.,TRUE
109.0,TRUE,"The words subhuman mongrel, which Ted Nugent called President Barack Obama, were used by the Nazis to justify the genocide of the Jewish community.",FALSE
110.0,FALSE,"(Barack Obama) says hes going to reduce the long-term debt and deficit by $4 trillion, doesnt say how hes going to do it.",half-true
111.0,FALSE,Birth control pioneer Margaret Sanger wasan active participant in the Ku Klux Klan.,FALSE
118.0,half-true,Says Mitt Romney flip-flopped on an assault weapons ban.,FALSE
121.0,barely-true,"When Tim Kaine was governor, spending soared, blowing holes in the budget every year.",FALSE
123.0,barely-true,"Neville Chamberlain told the British people: Accept the Nazis. Yes, they will dominate the continent of Europe, but that is not our problem. Lets appease them. Why? Because it cant be done. We cannot possibly stand against them.",mostly-true
125.0,mostly-true,Wisconsin is dead last in the Midwest for job creation.,FALSE
126.0,half-true,On running a civil and polite campaign.,TRUE
128.0,half-true,"The federal government reviewed and verified his administrations numbers showing Wisconsin added 23,608 jobs in 2011.",mostly-true
133.0,FALSE,Says state Sen. Sheila Harsdorf wants to eliminate Medicare as we know it.,FALSE
135.0,mostly-true,Says Bill Nelson voted 98 percent of the time with Barack Obama.,half-true
136.0,barely-true,I did not I did not I do not say that. I do not say that climate change is a hoax perpetrated by the Chinese.,FALSE
137.0,mostly-true,"In Florida we have 75,000 on (a) waiting list for child care and 23,000 on waiting lists for community care for the elderly.",FALSE
139.0,FALSE,I can tell you that the enhanced interrogation techniques that have since been banned by this administration specifically waterboarding work.,FALSE
140.0,FALSE,Virginia has made no progress on jobs since Bob McDonnell took office.,FALSE
143.0,TRUE,Ronald Reagan raised the national debt 18 times.,TRUE
145.0,TRUE,The number of inmates since 2000 on death row dying of natural causes has now surpassed the number of inmates executed.,FALSE
147.0,half-true,Republicans have proposed dozens of (health care) solutions designed to help control costs and improve quality.,TRUE
149.0,FALSE,Says Hillary Clinton has donated every cent shes ever earned from speaking fees to charity.,FALSE
153.0,half-true,About 1 percent of all the gun sellers are responsible for more than half of the guns that are used in crimes.,TRUE
155.0,TRUE,Texas is the state that has now gone the longest without electing a Democrat statewide.,TRUE
157.0,TRUE,"Today, if you were raised poor, youre just as likely to stay poor as you were 50 years ago.",FALSE
162.0,half-true,Says Clackamas County has more urban renewal debt than all the other Oregon counties combined.,mostly-true
163.0,FALSE,NASA scientists fudged the numbers to make 1998 the hottest year to overstate the extent of global warming.,barely-true
171.0,FALSE,On the Bush tax cuts.,half-true
172.0,mostly-true,Over half of the black workers in this country earn less than $15 an hour.,half-true
174.0,TRUE,Sixteen million jobs were created under Ronald Reagans presidency.,half-true
176.0,barely-true,"Barack Obama's health care plan ""will cost taxpayers $1,700 more to cover each new person.""",FALSE
177.0,TRUE,Barack Obama ... 96 percent of his votes have been solely along party line.,FALSE
178.0,half-true,President Obama and Nancy Pelosi said Obamacare would save money because they factored in 10 years worth of tax revenue and only six and half years worth of expenses.,TRUE
179.0,TRUE,"John McCain ""has not led on nonproliferation issues when he had the chance in the Senate.""",half-true
180.0,TRUE,Says American polling shows Russian President Vladimir Putin has an 80 percent approval rating.,FALSE
181.0,TRUE,Pasco County schools have graduation rates substantially higher than the state average and dropout rates below the state average.,mostly-true
187.0,mostly-true,Today many Florida teachers are at risk of having their pay impacted by the performance of children who are not even in their classrooms or subject areas.,mostly-true
189.0,TRUE,Says Barack Obama promised he would cut the deficit in half but didnt.,mostly-true
194.0,barely-true,The U.S. Constitution owes its notion of democracy to the Iroquois Tribes.,FALSE
198.0,TRUE,Health care premiums for consumers have doubled since 2001.,FALSE
201.0,FALSE,"Under Lt. Gov. Lee Fisher, Ohio is 44th in the country in terms of getting money actually into worker retraining.",mostly-true
204.0,mostly-true,"By a two-to-one margin, Rhode Islanders want to ban assault weapons and we have a very small percentage of gun owners in this state, less than 13 percent.",half-true
207.0,mostly-true,"Says 315,000 mostly minority Texas students are enrolled in failing schools.",FALSE
208.0,FALSE,"Says At age 76 when you most need it, you are not eligible for cancer treatment under Affordable Care Act.",FALSE
211.0,barely-true,"If you look at the results of Obamacare, what you see is emergency room visits are up over 50 percent.",FALSE
213.0,FALSE,Four state Assembly Democrats scored a death blow to northeast Wisconsins economy by killing hundreds of jobs at a potential Bass Pro Shops near Green Bay.,TRUE
214.0,TRUE,The president campaigned against this type of legislation.,FALSE
217.0,barely-true,What president has the worst record on female labor force participation? Barack Obama.,FALSE
220.0,barely-true,"Seven hundred thousand. Thats how many California jobs will be lost thanks to the politicians raising the minimum wage.Now Florida is adding one million jobs, not losing them.",mostly-true
222.0,FALSE,"The percentage of black children born without a father in the home has risen from 7 percent in 1964 to 73 percent today, due to changes from President Lyndon Johnsons Great Society.",barely-true
223.0,TRUE,I said no to these big bank bailouts.,half-true
224.0,mostly-true,People have a constitutional right to have semiautomatic rifles.,mostly-true
230.0,barely-true,"Says Congressman Jon Runyan does not want to cut taxes for the middle class, but only for millionaires.",mostly-true
231.0,half-true,On his half pay pledge.,FALSE
234.0,barely-true,Gov. Rick Scott backed the federal shutdown.,FALSE
236.0,mostly-true,"As weve seen that federal support for states diminish, youve seen the biggest job losses in the public sector -- teachers, police officers, firefighters losing their jobs.",mostly-true
239.0,mostly-true,Ohio ranks 46th in the country in putting dollars in the classroom.,TRUE
242.0,half-true,Under Hillary Clintons plan illegal immigrants convicted of committing crimes get to stay.,FALSE
243.0,FALSE,"The Obama administration leaked information, deliberately or otherwise, that led to the identification of the Pakistani doctor that helped us in achieving our goals and killing bin Laden.",mostly-true
245.0,mostly-true,"Says, when this governor came to office, he had (an) 11 billion dollar - I call it mismanagement deficit.",FALSE
247.0,FALSE,Says President Barack Obama spent nearly a trillion dollars on make-work government jobs.,FALSE
248.0,mostly-true,"Among Hispanics, support for immigration reform is close to universal.",FALSE
251.0,half-true,Says 95 percent of people caught crossing the U.S.-Mexico border said in a survey we are coming because weve been promised amnesty.,TRUE
254.0,mostly-true,"When we started this health care debate a year ago, 85 percent of the American people had health insurance, and 95 percent of the 85 percent were happy with it.",FALSE
255.0,TRUE,"Since John F. Kennedy was assassinated in 1963, more Americans have died by gunfire within our own country than American servicemen and women who were killed in all our wars.",TRUE
257.0,barely-true,"In the 513 days between Trayvon dying, and todays verdict, 11,106 African-Americans have been murdered by other African-Americans.",FALSE
259.0,mostly-true,"He received ""A"" ratings from ""every conservative organization that gives ratings.""",FALSE
264.0,barely-true,There are literally teachers now who are getting pink slips because of sequestration.,barely-true
266.0,TRUE,"Last weeks three most-viewed television programs wereSunday Night Football, Thursday Night Football and Monday Night Football.",FALSE
270.0,FALSE,"If you and I fail to defund ObamaCare now, some 16,000 new IRS agents will be begin prying into our private medical records, eyeing each and every one of our treatments and prescriptions for violations.",mostly-true
278.0,half-true,Saturday Night Live executive producer Lorne Michaels could be put in jail under this amendment for making fun of any politician.,mostly-true
279.0,FALSE,"When he worked for ATT, he ""was responsible for large parts in a $5 billion organization.""",mostly-true
280.0,mostly-true,"6,400 Ohioans ... lost manufacturing jobs in the month of September.",half-true
287.0,mostly-true,It is already in the law that there is a requirement to screen (refugees) for religion.,FALSE
289.0,half-true,"I did very well with young people in Ohio, Massachusetts, California.",FALSE
293.0,FALSE,"The EPA wants to hire 230,000 new government regulators that will cost the taxpayer $21 billion.",mostly-true
294.0,FALSE,"If the Trans-Pacific Partnership is fast-tracked through the Senate, it wont receive a committee assignment and the consideration will include no debate.",mostly-true
297.0,TRUE,"The Keystone pipeline creates 35 permanent jobs after construction, according to a government report.",mostly-true
299.0,barely-true,We're going to have more troops (in Afghanistan) . . . than the Russians had.,half-true
301.0,barely-true,Florida is investing record amounts of funding for HIV/AIDS prevention.,half-true
302.0,mostly-true,There's only four senators senior to me ... there's still 44 older than me.,FALSE
305.0,TRUE,Rhode Islands exports have increased by 53 percent in the last two years.,FALSE
308.0,half-true,"More than 250 (voter registration) groups, ranging across the entire political spectrum, have filed with the state and are registering voters right now.",FALSE
311.0,half-true,"A planning group said that to meet anticipated traffic demands by 2035, Interstate 35 between Austin and Round Rock will need a dozen additional lanes going north and 14 additional southbound lanes.",TRUE
314.0,mostly-true,A voucher school that closed after 9 days this year collected $5.4 million in taxpayer subsidies since first opening.,half-true
315.0,FALSE,Rhode Islands unemployment insurance system is the most expensive such system in the country.,FALSE
325.0,mostly-true,Says his state budget will provide an increase in state funding for the 2011-12 school year.,FALSE
327.0,TRUE,Sayvideo shows massive alligator strolling across Florida golf course.,mostly-true
329.0,mostly-true,"We're spending $1.6 billion for all of Latin America in terms of aid and assistance, a fraction of what we're spending in Iraq, the $500 billion we've spent there",half-true
330.0,TRUE,"If you look at the number of illegal immigrants coming into the country, it is net zero. Its been that way now for almost two years.",FALSE
331.0,half-true,Weve introduced a bill that includes $12 billion in cuts over the next week.,mostly-true
333.0,FALSE,"Says Joseph Stalin said if you want to bring America down you, have to undermine three things: our spiritual life, our patriotism and our morality.",half-true
338.0,barely-true,"Across the country, more than half of the U.S. attorney seats remain without a prosecutor chosen by Obama.",mostly-true
339.0,FALSE,The Red Sox waited 87 long years to win the World Series.,FALSE
340.0,TRUE,Almost every state has offered an insurance plan on its health exchange that does not cover abortion.,FALSE
341.0,FALSE,"The largest tax increase that we have ever had in our state is yours it is the business margins tax that you signed, governor.",TRUE
342.0,TRUE,Georgia has the second-highest rate of childhood obesity in the United States.,half-true
344.0,half-true,A recall election for Wisconsin governor would cost $7.7 million -- $7.7 million that may already be allocated to merit raises for teachers or health care for the poor or school books for your kids.,barely-true
345.0,half-true,Says my plan is a property tax cut.,mostly-true
349.0,barely-true,"As a prosecutor, Wisconsin Supreme Court Justice David Prosser did not investigate or file charges in a case involving 30-year pedophile priest, then participated in cover-up.",FALSE
353.0,half-true,Says Texas GOP platform calls for end to teaching critical thinking in public schools.,half-true
355.0,FALSE,A picture shows former President Bill Clinton naked with another woman.,FALSE
356.0,FALSE,"There is no disagreement that we need action by our government, a recovery plan that will help to jump-start the economy.",FALSE
357.0,barely-true,If you want out of the individual mandate... all you have to do now is tick off the box that says hardshipand youre out.,half-true
358.0,barely-true,"Many Nevadans relied on Uber for work, but after accepting $70,000 from taxi companies, Catherine Cortez Masto went after Uber ... (driving) them out of town.",TRUE
360.0,half-true,"Last month, 44 of the 50 states saw an increase in the unemployment rate.",FALSE
361.0,FALSE,Wind power is the most undependable form of renewable energy.,FALSE
365.0,TRUE,"Tommy Thompson created the first school choice program in the nation, giving thousands of Milwaukee students the choice of where they go to school no matter where they live or how much money their parents make.",half-true
367.0,FALSE,"McCain ""still thinks it's okay when women don't earn equal pay for equal work.""",half-true
368.0,TRUE,"The Baucus bill ""contains provisions that would send massive federal subsidies directly to both private insurance plans and government-chartered cooperatives that pay for elective abortion.""",FALSE
374.0,TRUE,He (Obama) chairs the subcommittee on Europe. ... He's held not one substantive hearing to do oversight.,FALSE
380.0,barely-true,You had supported John McCain's military strategies pretty adamantly until this race.,half-true
381.0,half-true,Says critics who say he cut Medicaid are wrong; his budget added $1.2 billion to the program,TRUE
385.0,TRUE,Nothing in the Constitution explicitly guarantees our right to vote.,FALSE
386.0,half-true,Sherrod Brown and his special interest allies in Washington are plotting to spend over $13 million to defeat Josh Mandel.,TRUE
388.0,mostly-true,Says Gov. Scott Walkers proposed state budget contained 110 pages of errors -- an unusually high number -- and millions of dollars worth of mistakes that were corrected with a follow-up document.,TRUE
391.0,TRUE,"In the last 10 years, Georgias middle class income has dropped $6,500.",FALSE
392.0,TRUE,Rooting for the Red Sox is like rooting for the drug companies.,FALSE
399.0,TRUE,"Medicare costs have slowed down dramatically. In fact, the first two months of this fiscal year, Medicare costs were down even in nominal terms relative to the previous year.",half-true
401.0,half-true,U.S. Rep. Connie Mack voted to raise his own pay several times.,FALSE
402.0,mostly-true,No poll done this year ... shows less than a majority to reinstate a federal ban on assault weapons.,half-true
404.0,FALSE,"In the 2012 election, there were more votes cast than registered voters in St. Lucie County, and Palm Beach County had 141 percent turnout.",TRUE
406.0,mostly-true,Says Romney called Russia our No. 1 enemy.,TRUE
407.0,FALSE,Theres been no conclusive or specific report to say Russia was trying to muddy the election.,barely-true
408.0,FALSE,Says Christopher Little has a history of working against environmental protection by defending the worst types of corporate polluters,FALSE
410.0,half-true,"Opponents of Section 5 (of the Voting Rights Act) complain of state expense, yet their only cost is the paper, postage and manpower required to send copies of legislation to the federal government for review.",TRUE
411.0,barely-true,Says Nick Kahl made it harder for many families to cover basic health care expenses.,FALSE
412.0,barely-true,"In California, the windmills are killing hundreds and hundreds of eagles.",FALSE
413.0,TRUE,"There is nothing in the current state public records law that prohibits sensitive or confidential business information from being just that, confidential.",mostly-true
414.0,mostly-true,We did not even have a federal income tax in this country until 1913.,barely-true
417.0,FALSE,Says Gov. Scott Walker dropped out or was kicked out of college short of a degree not long after he was kicked out of student elections at Marquette University.,FALSE
418.0,barely-true,Eliminating affirmative action in admissions in Florida led to more African American and Hispanic kids attending our university system than before.,barely-true
420.0,barely-true,Federal stimulus money went to a Georgia Tech project that will apparently involve the professor jamming with world-renowned musicians to hopefully also create satisfying works of art.,TRUE
422.0,mostly-true,"When these same Republicans - including Mr. Boehner - were in charge, the number of earmarks and pet projects went up, not down.",mostly-true
425.0,TRUE,"Before the Republican wave in 2010, Democrats had an advantage on the generic ballot in Congress. Even in 1994 with the Gingrich revolution ... Democrats had that advantage.",mostly-true
428.0,barely-true,"In labor negotiations with city employees, Milwaukee Mayor Tom Barrett demanded concessions that went beyond those mandated by Gov. Scott Walkers collective bargaining law",FALSE
431.0,barely-true,"Sources show (Connie) Mack as a resident of California, living with his wife in Palm Springs.",FALSE
434.0,FALSE,"Says Ohio Rep. Marcy Kaptur actually lives in a fancy condo in the Washington, D.C. suburbs.",half-true
442.0,TRUE,"The State Election Board has issued nearly $275,000 in fines to violators of absentee ballot laws.",FALSE
444.0,half-true,"While 9,000 state employees were added to the states payroll, Oregons revenue forecasts dropped by more than $4 billion.",FALSE
448.0,FALSE,The government is trying to now close the Lincoln Memorial for any kind of large gatherings.,half-true
449.0,barely-true,You know what (Saddam Hussein) did well? He killed terrorists.,FALSE
450.0,barely-true,The average age of the minimum wage worker is 35 years old.,mostly-true
459.0,FALSE,On redistricting.,TRUE
462.0,half-true,"Says Democrat Hank Gilbert has a criminal conviction for theft, has multiple years of unpaid taxes, has multiple tax liens and fines, unsafe driving convictions (and) has recently been accused of taking a bribe and is on record lying to the press this year about his criminal record.",TRUE
466.0,barely-true,Were taxing our small businesses now at rates higher than corporations.,mostly-true
469.0,mostly-true,Says Donald Trump once suggested that he would try to negotiate down the national debt.,mostly-true
470.0,mostly-true,"Says DonaldTrump got, you know, $1.8 billion worth of free media. I got, like, none.",half-true
471.0,mostly-true,"When I withdrew in June of 2008, polls were showing that at least 40 percent of my supporters said, oh, they werent going to support Sen. Obama.",FALSE
474.0,half-true,The increase in the current state budget was greater than the inflation rate and the rate of population growth in Georgia.,FALSE
475.0,FALSE,Six thousand people have sought addiction treatment through expanded Medicaid.,mostly-true
476.0,mostly-true,"When students leave our high schools and they go to the community college, 70-75 percent of them have to pay to take remedial math.",mostly-true
478.0,barely-true,It is a fact that it costs more to run the schools in August.,mostly-true
479.0,FALSE,The problem with raising tax rates on the wealthiest Americans is that more than half of them are small business owners.,FALSE
482.0,half-true,"Ninety-six percent of failing schools are spending above $8,400, the average annual per student expenditure, and 26 percent spend considerably more than that.",mostly-true
484.0,half-true,"Military spending cuts, known as the sequester, were President Barack Obamas idea.",half-true
486.0,barely-true,Clinton aides admit it (a gas tax holiday) won't do much for you but would help her politically.,FALSE
488.0,mostly-true,"First, he was in favor of my plan, now he's attacking it.",FALSE
490.0,TRUE,Halliburton gave Dick Cheney a $34 million payout when he left the company to join the presidential ticket.,FALSE
498.0,half-true,Jennifer Carrolls an outsider.,FALSE
499.0,FALSE,Hedge fund managers pay less in taxes than nurses and truck drivers.,TRUE
500.0,mostly-true,Says President Barack Obamas approval rating gained 3 points in the last couple months.,mostly-true
501.0,mostly-true,"In the city of Milwaukee, weve still got a mayor and a police chief who are furloughing police officers at a time when we have violence all across the city.",half-true
506.0,FALSE,"In early voting in Miami-Dade County, there is a trickle of two or three people a day at a very high cost to keep those public libraries and polls open.",mostly-true
508.0,half-true,"Says Mitt Romneys housing policy is, Dont try and stop the foreclosure process. Let it run its course and hit the bottom.",TRUE
510.0,TRUE,"Whether the Amendment passes or not, the medical use of marijuana is a federal criminal offense.",half-true
514.0,FALSE,"The big Wall Street banks, the big corporations give many times more political donations to Democrats than Republicans.",half-true
517.0,TRUE,The War in Afghanistan is officially the longest war Americans have ever been asked to endure.,mostly-true
519.0,FALSE,Says in Texas its legal to shoot someone whos committing a public nuisance under the cover of dark.,FALSE
521.0,mostly-true,Individuals and small businesses will be hit by increases in health insurance premiums as high as 39 percent.,mostly-true
522.0,mostly-true,Says Barack Obamas comments indicate he believes in redistribution of wealth.,half-true
523.0,half-true,"Says of the 2,000 Portland households in the year-long (composting) pilot, 87 percent of participants reported being satisfied with the overall system.",TRUE
526.0,FALSE,"All of Texas is conservative, except a little bit of Austin.",FALSE
527.0,TRUE,"Under this tax cut, middle-class families dont save enough for a weeks worth of groceries, while millionaires save enough to go on an exotic vacation.",mostly-true
529.0,FALSE,Says the word Dhimmitude is on page 107 of the health care law and means Muslims are specifically exempted from the government mandate to purchase insurance.,FALSE
531.0,half-true,On the National Animal Identification System.,TRUE
537.0,mostly-true,The problem of unwanted sexual contacts in the military is not just a womans issue. More than half of the victims are men.,mostly-true
538.0,TRUE,Says a study shows that children who live with a biological parent and the parents boyfriend or girlfriend have a 20 times greater chance of being sexually abused.,half-true
543.0,half-true,"Says I am happy to decline PERS so that the County can save over $68,000 over a four year term that would have been paid on my behalf.",mostly-true
544.0,half-true,Says Chris Dudley thinks Oregons minimum wage is too high.,mostly-true
545.0,FALSE,Over half the people on disability are either anxious or their back hurts.,FALSE
547.0,TRUE,"Today California is kicking our butt, creating more jobs and more economic growth than Texas.",FALSE
549.0,barely-true,"All of Floridas four-year state colleges now offer bachelors degrees for only $10,000.",mostly-true
553.0,FALSE,"In the U.S. Constitution, theres a little section in there that talks about life, liberty and the pursuit of happiness.",TRUE
555.0,mostly-true,I have something in common with my husband. He never carried caucuses either. He lost all of the ones that I've lost.,FALSE
558.0,half-true,"In Cobb County, every meeting opened with a prayer. The ACLU objected. Sued ... [Sam] Olens took on the ACLU and won!",FALSE
559.0,TRUE,Felony crimes in the city of Atlanta are the lowest they have been since 1969.,mostly-true
560.0,TRUE,Both the Democratic and Republican candidates for president in 2016 are quite unpopular.,TRUE
561.0,half-true,Republicans are attempting to remove Barack Obama from Georgias Presidential Ballot in 2012.,TRUE
562.0,barely-true,"Says Hillary Clinton takes tens of millions of dollars from countries that hate women, that disrespect women, that throw gays off of buildings.",FALSE
565.0,FALSE,"Fluoride in the water, that was originally done by the Nazis!",FALSE
571.0,mostly-true,"In the 2014 election, 80 percentofpoor people did not vote.",FALSE
572.0,mostly-true,Says the Nike bill is not a tax break ... this does not lower the taxes that Nike will pay nor does it prevent the Legislature from raising those taxes in the future.,TRUE
573.0,half-true,"Thanks to the Trans-Pacific Partnership, Vietnam is drafting and presenting unprecedented labor reforms, changing their Constitution to recognize worker organizations in Vietnam for the first time.",half-true
575.0,half-true,District 22 includes about 80% of the district I have represented since 2010. District 20 includes about 20% of the area I have represented since 2010.,TRUE
577.0,mostly-true,"When lenders foreclose on homes, they typically suffer losses that exceed 30 percent of the value of the home.",TRUE
579.0,barely-true,"We haven't built a refinery, I think, in 30 years.",barely-true
584.0,FALSE,Says more Republicans than Democrats voted for the Wall Street bailouts.,FALSE
585.0,half-true,Says a prank phone call caused 400 children to be taken from their parents... without warrant.,FALSE
586.0,FALSE,A bill that could restrict free speech when the president is nearby was signed by President Barack Obama in secret.,FALSE
587.0,barely-true,Californias Prop 55 prevents $4 billion in new cuts to our schools.,half-true
597.0,half-true,The Democrat-led Senate has failed to pass a budget for 750 days ... Senate Democrats have neglected one of their most basic responsibilities.,FALSE
598.0,FALSE,On Common Core.,mostly-true
599.0,FALSE,Says Ron Johnson helped companies ship jobs overseas.,half-true
600.0,FALSE,Florida Democrats just voted to impose Sharia law on women.,FALSE
601.0,half-true,Says opponent Beto ORourke wants to legalize drugs.,mostly-true
603.0,TRUE,Ninety-seven percent of Americans do not receive subsidies for health care under the Affordable Care Act.,barely-true
604.0,FALSE,Our economy is not growing.,half-true
607.0,FALSE,Says state Senate candidate Monk Elmer voted to exceed the (school district property tax) spending caps.,FALSE
613.0,FALSE,"Says Texas has so few gas-pump inspectors in the field, the HEBs of this state, the Brookshires of this state, theyre calibrating their own gas pumps. The (Texas Department of Agriculture) just sends them the stickers and they calibrate them.",FALSE
616.0,mostly-true,"A mortgage buyback plan is ""my proposal, it's not Sen. Obama's proposal, it's not President Bush's proposal.""",TRUE
618.0,FALSE,Senator Obama has voted 94 times to either increase your taxes or against tax cuts.,mostly-true
621.0,half-true,Narragansett Bay waters are getting warmer -- 4 degrees Fahrenheit warmer in the winter since the 1960s.,TRUE
625.0,FALSE,Says President Barack Obama said that American exceptionalism is no more exceptional than the exceptionalism of any other country.,FALSE
626.0,barely-true,Says Barack Obamas favorability rating in Israel once clocked in at 4 percent.,FALSE
630.0,half-true,One in five American households have nobody under the same roof thats got a job.,half-true
632.0,half-true,Obamas mid-term approval ratings are similar to other presidents who went on to re-election.,half-true
633.0,TRUE,I saved the taxpayers $2-billion on a bogus Air Force Boeing tanker deal where people went to jail.,FALSE
634.0,FALSE,Says the fluoride Austin is putting in its drinking water is toxic waste.,FALSE
635.0,barely-true,The new light bulbs will cost roughly six times the cost of the light bulbs we now use.,half-true
636.0,half-true,Only three in 10 young Americans under 30 -- 30 percent under 30 -- have full-time work.,FALSE
638.0,barely-true,"Through the Clinton Foundation, the Clintons are now worth in excess of $100 million.",FALSE
640.0,TRUE,"A telephone company will no longer have to provide landline service to customers if there is an alternative provider, including wireless.",TRUE
647.0,FALSE,A few weeks ago Obama took Hamas and Iran OFF the terror list.,FALSE
648.0,FALSE,"Once a woman enters into the sex trade, her average life expectancy is seven years.",FALSE
652.0,barely-true,John Boozman supports privatizing Social Security,TRUE
656.0,TRUE,"One in every five families in the state of New Jersey has a loved one with a mental illness, a serious mental illness, and today, we dont care.",FALSE
666.0,barely-true,Wendy Davis legal work is currently under FBI investigation.,FALSE
673.0,TRUE,All private healthcare plans must conform to government rules to participate in a Healthcare Exchange.,half-true
675.0,barely-true,"Obama supports ""teaching schoolchildren in 2nd grade, no less about homosexual relationships.""",FALSE
679.0,half-true,Secure Communities has a proven track record of enhancing public safety by focusing on violent offenders and those that pose a threat to our communities and our national security.,FALSE
681.0,TRUE,"The 1990s were a time of prosperity. We created more than 22-million new jobs, moved 8-million people out of poverty, and turned our economy around.",mostly-true
685.0,FALSE,All the talk about socialism during the campaign made young people more interested in it by Election Day.,half-true
686.0,TRUE,Ive done more impeachments than anybody else in the history of the country.,FALSE
692.0,FALSE,A $250 fine if youre caught with a plastic bag coming out of a store. Plastic bag police anyone?,half-true
693.0,FALSE,"In countries where there are higher, more strict gun laws, there is more gun violence.",half-true
696.0,half-true,There never really was a Hastert Rule.,FALSE
699.0,half-true,Says Rick Santorum opposes right-to-work,half-true
701.0,half-true,Virginia ranked near the bottom of the nation 50 years ago in per capita income but is in the top 10 today. It had a very low rate of higher education attainment but is now above the national average.,half-true
702.0,half-true,Says (Clinton) called President Assad a reformer. She called Assad a different kind of leader.,FALSE
705.0,half-true,The fact is that red light cameras change driver behavior and cut down on the most dangerous types of accidents.,TRUE
712.0,barely-true,Says the success of his economic agenda is supported by the fact we went from unemployment at 9.2 percent when I decided to run for governor four years ago to two points lower.,FALSE
716.0,mostly-true,The education tax burden for Shelby County -- and Tennessee -- is one of the lowest in the country.,mostly-true
719.0,mostly-true,We have the most productive workers in the world.,FALSE
720.0,TRUE,"Before I was state treasurer, my Rhode Island business helped create over 1,000 jobs.",mostly-true
724.0,mostly-true,"In a lawsuit between private citizens, a Florida judge announced the decision was going to be based on Islamic Law.",half-true
725.0,half-true,"Says Democrats raised taxes over 115 times in the past 10 years, making New Jersey increasingly unaffordable and chasing jobs to neighboring states.",FALSE
729.0,barely-true,"The Germans, the French, countries that opposed us in the (Iraq) war, all believed (Saddam Hussein) had weapons of mass destruction.",TRUE
735.0,TRUE,"A majority of Americans agree with a ban on assault weapons. And by the way, so did Ronald Reagan.",FALSE
739.0,mostly-true,"Says if you try to hide marijuana in a hemp field, it becomes worthless. The THC goes away.",TRUE
745.0,FALSE,The minimum wage has risen $2.35 in the last two years. Thats 31 percent.,FALSE
747.0,barely-true,"Everywhere that we have more citizens carrying guns, crime is less. Theres a study showing that where states have open carry or concealed carry, but particularly open carry, the crime is down 25 percent.",half-true
748.0,half-true,"Weve seen 115,000 jobs created in the American auto industry since GM and Chrysler emerged from bankruptcy.",half-true
749.0,mostly-true,"Bill Nelson voted to confirm Sonia Sotomayor, who signed a Supreme Court opinion saying Americans do not have an individual right to own firearms.",FALSE
750.0,barely-true,"The Stupak Amendment doesnt just say you cant use your federal insurance subsidy to pay for an abortion, it says, if youre getting a federal subsidy of any kind, youre not allowed to buy an insurance plan that covers abortion even with your own money.",half-true
755.0,mostly-true,Venezuela is a country whose defense budget is probably 1/600th of the United States.,FALSE
756.0,half-true,Senator Obama thinks we can achieve energy independence without more drilling and without more nuclear power.,half-true
760.0,TRUE,Says there are four super PACs on the Republican side of the Texas U.S. Senate race.,FALSE
761.0,FALSE,"Unfortunately, since Mr. Fosters been mayor ... there are less people employed in the city of St. Petersburg than there were prior to his taking office.",FALSE
762.0,FALSE,"Says U.S. Rep. Ron Kinds stimulus cost taxpayers $278,000 per job.",TRUE
765.0,barely-true,Congressman Joe Heck has (voted) 62% of the time with Nancy Pelosi and the Democrats on a variety of important issues.,FALSE
768.0,barely-true,Bill McCollum said tax cuts don't work.,mostly-true
769.0,barely-true,The tax burden on Virginia families was lower under Tim Kaine than under George Allen.,FALSE
770.0,FALSE,Says CharlieCrist made it easier for Duke to take your money.,FALSE
771.0,barely-true,Says a Barack Obama black imposter joke got a standing ovation at San Angelo rodeo.,FALSE
772.0,barely-true,Already in Wisconsin we have seen fewer people pursuing education as a career due to the Act 10 collective bargaining law.,mostly-true
775.0,half-true,Says his Texas election fraud investigations have resulted in 50 convictions.,FALSE
777.0,mostly-true,"We havent had a Republican senator in Washington for ... why, I think Clifford Case was our last Republican senator.",half-true
781.0,half-true,Jane Norton supported the largest tax hike in Colorado history.,mostly-true
785.0,mostly-true,"New Jerseys governor cut $1.6 billion from public education while handing out $2.1 billion in corporate tax breaks, more than the entire previous decade.",mostly-true
788.0,mostly-true,"Since 1970, the Clean Air Act has reduced toxic and health-threatening air pollution by 60 percent while our economy has grown more than 200 percent.",TRUE
790.0,TRUE,The Milwaukee business community did not speak about the facts -- and in support of train manufacturer Talgo -- as the Milwaukee-Madison rail link was being killed.,barely-true
797.0,half-true,"170,000 of the jobs created in Texas under Gov. Rick Perry were government jobs.",FALSE
798.0,TRUE,Says 97 percent of food stamp benefits are paid in the proper amounts to people who are really eligible.,FALSE
803.0,FALSE,The Bundy Ranch deal is all about Nevada Sen. Harry Reid using federal violence to take peoples land in his state so he can package it to re-sell it to the Chinese.,half-true
808.0,TRUE,Says Charlie Crist implemented Jeb Bushs A+ Plan.,FALSE
810.0,mostly-true,"By some estimates, as few as 2 percent of the 50,000 (Central American) children who have crossed the border illegally this year have been sent home.",mostly-true
811.0,half-true,Says city of Portland has a one-time $22 million surplus,mostly-true
815.0,mostly-true,I cut more as a percentage out of government than any state in the country this past decade. And where is Michigan in terms of its economic growth? Cutting did not result in economic growth.,mostly-true
818.0,barely-true,Not one dime gets added to the deficit because of Social Security.,FALSE
819.0,mostly-true,"The United States of America, right now, has the strongest, most durable economy in the world.",FALSE
820.0,FALSE,Canada sets aside 36 percent of their visas for people with skills they think their country needs. We set aside 6 percent.,FALSE
822.0,half-true,"There are 60,000 fewer jobs today in this state than we had in 2008.",half-true
824.0,TRUE,Says Republicans supported legislation on early voting and in-person voting in 2005.,mostly-true
825.0,half-true,"Chained CPI would save $1 trillion in the second decade off the federal budget debt, a report shows.",mostly-true
826.0,TRUE,Says Austin is the largest city in America without a congressional district anchored in it.,mostly-true
827.0,barely-true,"A president must ""obtain Congress' consent before formally accepting the Nobel Prize.""",mostly-true
828.0,TRUE,"When people enter the service, theres not a mental health evaluation.",half-true
832.0,TRUE,"Ms. Kagan has spent her entire professional career in Harvard Square, Hyde Park and the D.C. Beltway.",mostly-true
836.0,mostly-true,"Chris Christie helped funnel $6 million in federal Hurricane Sandy money to a senior center in Belleville, N.J., a place that suffered no damage.",half-true
837.0,half-true,"Massachusetts under Gov. Mitt Romney initially ranked last among states in job growth, but by the end of his governorship, we were in the middle of the pack.",TRUE
838.0,mostly-true,"The federal budget bill reauthorizes the Overseas Private Investment Corporation, which provides taxpayer dollars so that the Four Seasons hotel can build a resort in Turkey.",TRUE
841.0,mostly-true,We are the only industrialized nation that doesnt guarantee workers paid family leave.,half-true
853.0,TRUE,One out of five of our children live in a family thats on food stamps.,mostly-true
855.0,half-true,"According to independent analysis, unfair trade deals have resulted in the loss of over 64,000 jobs in Wisconsin ... But Ron Johnson favors those deals.",half-true
858.0,half-true,"In the four years before I became governor, we increased state debt $5.2 billion. Weve paid it down $2 billion.",TRUE
861.0,FALSE,Latina who enthusiastically supported Donald Trump on stage in Las Vegas in October 2015 has been deported.,FALSE
862.0,half-true,John McCain is right on that one. The line-item veto is the best tool the president has to rein in excessive spending.,TRUE
863.0,half-true,"In 2009, the FBI referred more than 71,000 cases of people failing background checks when trying to buy a gun to another federal agency, but U.S. attorneys ultimately prosecuted only 77 of them.",mostly-true
864.0,mostly-true,Says Barack Obama is the first president in modern history not to have a single year of 3 percent growth.,mostly-true
865.0,barely-true,Half of all hospitalized seniors are suffering from malnutrition so severe that it either caused their illness or it prevents them from getting better.,FALSE
867.0,barely-true,Says Patrick Murphy never worked as a CPA and was never a small business owner.,FALSE
868.0,mostly-true,"In 2012, Wall Street gave Scott Brown more campaign contributions than any other candidate -- $5.3 million.",FALSE
869.0,mostly-true,$65 billion would be added to the deficit if we keep the cuts for people on the highest incomes.,FALSE
874.0,half-true,"Under Wisconsin law, anyone who knows anything about a John Doe secret criminal investigation cant talk about it.",mostly-true
875.0,TRUE, ... following World War II war crime trials were convened. The Japanese were tried and convicted and hung for war crimes committed against American POWs. Among those charges for which they were convicted was waterboarding.,half-true
876.0,half-true,"On the economic crisis, ""the biggest problem in this whole process was the deregulation of the financial system.""",half-true
877.0,barely-true,"Texas high school graduation rate went from 27th in the country in 2002, to second highest in the country in 2013.",FALSE
878.0,FALSE,Says the secret John Doe criminal investigation of his campaign has been resolved and two judges have said it is over.,FALSE
879.0,mostly-true,"Obama came into office ""with a $1.3 trillion deficit before I had passed any law. ... We came in with $8 trillion worth of debt over the next decade.""",half-true
885.0,mostly-true,Ford is moving all of their small-car production to Mexico.,FALSE
890.0,TRUE,"If you are a member of union, your median weekly income is roughly $200 more than if you are a nonunion member, and that doesnt include benefits.",mostly-true
892.0,TRUE,"If sea levels rise six feet due to climate change, Waterplace Park in Providence and Wickford village would be swamped",FALSE
893.0,mostly-true,"Chinese tire imports threatened 1,000 American jobs, so President Obama stood up to China and protected American workers. Mitt Romney attacked Obamas decision.",half-true
897.0,TRUE,Our (Texas) graduation rate ranks 43rd out of 50 states.,FALSE
899.0,barely-true,The war spending bill actually spends more money on the International Monetary Fund than on the war.,FALSE
900.0,TRUE,North Carolina has one of the fastest growing populations as well as the fastest growing economy in the country.,half-true
901.0,TRUE,Says Paul Ryans budget relies on the same $700 billion in savings from Medicare that Mitt Romney and other Republicans have been attacking Democrats about.,TRUE
904.0,mostly-true,"In February, John McCain suggested the Bergdahl-Taliban swap that he now calls outrageous and dangerous.",half-true
905.0,TRUE,"Says that in 2011, Oregon had the second fastest growing economy in the nation.",FALSE
906.0,barely-true,Robert Hurt supported a bill that helped the uranium industry after taking contributions from the industry and because his father had a stake in it.,TRUE
911.0,TRUE,Caution: Kissing and cuddling chickens can be hazardous to your health.,TRUE
916.0,mostly-true,"The Obama administration is using as its legal justification for these airstrikes (on the Islamic State), an authorization for military force that the president himself has called for repeal of.",mostly-true
919.0,FALSE,"In this judicial race, special interest groups have demanded money from me, in exchange for endorsement and support.",FALSE
920.0,half-true,"Before Medicare, only 51 percent of Americans 65 and older had health care coverage and nearly 30 percent lived below the poverty line. Today, thanks to Medicare ... nearly all seniors have coverage and 75 percent fewer struggle in poverty.",half-true
921.0,barely-true,Says the federal government hosted a conference and ordered 250 muffins at 16 bucks a piece.,barely-true
924.0,mostly-true,More than 10 years of free trade has brought a $2 billion per day trade deficit.,FALSE
925.0,barely-true,"Says Kurt Schrader voted to cut $500 billion from Medicare, threatening thousands of Oregon seniors and their access to their current coverage.",FALSE
929.0,mostly-true,Black children constitute 18 percent of the nations public school population but 40 percent of the children who are suspended or expelled.,TRUE
930.0,mostly-true,I opposed TPP (Trans-Pacific Partnership) and have always opposed TPP.,half-true
933.0,TRUE,"Marco Rubio's ""income skyrocketed while his power increased.""",half-true
934.0,half-true,This ban will only apply to Oregon commercial fishermen. Washington commercial fishermen would still be allowed to use gillnets on the Columbia River.,mostly-true
935.0,half-true,Says Republican recall challenger Jonathan Steitz failed to pay his taxes.,half-true
941.0,mostly-true,Says his views on reparations for slavery are the same as Barack Obamas and Hillary Clintons.,half-true
942.0,FALSE,Says the National Labor Relations Board told Boeing that it cant build a factory in a non-union state.,mostly-true
943.0,TRUE,"Says by rejecting an expansion of Medicaid under the new law, Georgia was depriving 25,000 veterans of health care coverage.",mostly-true
945.0,barely-true,Obamacare will drive 2.5 million Americans out of the workforce.,TRUE
946.0,half-true,"After laying off 30,000 people,Carly Fiorina said that in retrospect, I would have done them all faster.",mostly-true
951.0,mostly-true,"On my first day in office, I ordered a review of every regulation in the pipeline and every contract exceeding $1 million.",mostly-true
955.0,FALSE,Evidence shows Zika virus turns fetus brains to liquid.,FALSE
956.0,barely-true,"Says after leaving the White House, Hillary Clinton was forced to return an estimated $200,000 in White House china, furniture and artwork that she had stolen.",barely-true
957.0,barely-true,Georgia is the Saudi Arabia of pine trees.,FALSE
960.0,barely-true,I turned a $110 million deficit into a $1.6 million surplus for our city.,half-true
965.0,TRUE,John McCain decided to stand with George Bush 95 percent of the time (last year).,FALSE
968.0,TRUE,"Says that when the Rolling Stones performed in an Austin park, they paid $25,000 to the nearby city of Rollingwood for one night of inconvenience.",TRUE
973.0,half-true,Oil production is down 14 percent this year on federal land.,FALSE
976.0,barely-true,John McCain has changed position on invading Iraq.,FALSE
977.0,FALSE,State employees are actually going to get a pay raise.,TRUE
979.0,mostly-true,Federal spending on entitlements is projected to consume all revenue by 2045.,FALSE
981.0,barely-true,"The Democrat majority in the Senate has failed to submit [a] budget in the past 1,000 days.",mostly-true
983.0,TRUE,"Says as a share of the US economy, the governments support for research and development (RD) has fallen by nearly two-thirds since the 1960s.",mostly-true
986.0,mostly-true,Says that Donald Trump supported Charlie Crist.,half-true
988.0,FALSE,Property tax exemptions can be granted to small businesses that move into Milwaukee County.,mostly-true
989.0,FALSE,Gov. Sarah Palin got precisely zero support for her call for Alaskas Democratic Senator Mark Begich to resign because Ted Stevens corruption conviction was overturned.,TRUE
990.0,mostly-true,Says overwhelming majorities of Americans support gun legislation like background checks.,half-true
992.0,half-true,"Since President Barack Obama took office, 2 million more Americans are out of work.",FALSE
993.0,FALSE,Says opponent David Dewhurst is a career politician.,TRUE
995.0,FALSE,"The State Department says the 42,000 jobs created by the Keystone XL pipeline are ongoing, enduring jobs.",FALSE
997.0,mostly-true,The Obama administration is refusing to directly arm the Kurds.,FALSE
998.0,barely-true,"The Obama administrations green stimulus program funneled close to $2 billion dollars to overseas firms, creating thousands of jobs in China.",FALSE
1001.0,FALSE,The cost-of-living increase in Social Security is tied to wage inflation.,half-true
1002.0,mostly-true,Nearly a quarter of all adults in this state have some college credit without a degree.,TRUE
1005.0,mostly-true,The state is able to sharply curtail contract bargaining rights for state employee unions.,mostly-true
1010.0,barely-true,"In many instances, (peoples) health care costs are more than their mortgage costs or their rent, which, by the way, is a first in American history.",mostly-true
1012.0,TRUE,Three in four low-income workers dont have any paid sick days available.,half-true
1013.0,barely-true,"Says Vince Polistina is collecting nearly $70,000 in taxpayer-funded salaries -- plus a government pension.",FALSE
1014.0,FALSE,The Department of Health and Human Services is providing $160 million to the state of Pennsylvania to set up a new high-risk insurance pool program that would cover any abortion legal in the state.,FALSE
1024.0,mostly-true,Says Hillary Clinton called the Trans-Pacific Partnership the gold standard. You called it the gold standard of trade deals. You said its the finest deal youve ever seen.,mostly-true
1025.0,mostly-true,Bernie Sanders voted against the Brady Bill -- background checks and waiting periods.,half-true
1026.0,barely-true,Says Charlie Crist and Missouri Rep. Todd Akin hold same abortion views. No exception except the life of the mother.,FALSE
1027.0,half-true,Barack Obama has doubled our national debt. Doubled it. Its going to be close to $20 trillion when he leaves.,FALSE
1028.0,FALSE,"Say Matt Wand cut Troutdale police, created a slush fund for himself.",FALSE
1030.0,barely-true,"Not even expensive bottled water, like Perrier and Evian, are of good enough quality to pump out of mines in Southwest Virginia, according to the EPA regulation.",TRUE
1034.0,mostly-true,Mike Martinez has voted to raise taxes and utility rates while ending free bus service for seniors.,FALSE
1037.0,half-true,Homicides last year increased by 17 percent in Americas 50 largest cities. Thats the largest increase in 25 years.,half-true
1038.0,mostly-true,The Canadians they (dropped) their tax rates to 15 percent. The average tax rate on businesses in the industrialized world is 25 percent.,FALSE
1039.0,FALSE,White men account for 69 percent of those arrested for violent crimes.,FALSE
1040.0,half-true,We know that tax cuts are remarkably un-stimulative when you compare them with different kinds of government spending.,mostly-true
1042.0,half-true,"Says in fiscal year 2011, the state had a projected $11 billion deficit.",FALSE
1046.0,TRUE,"When the Dallas/Fort Worth Airport needed to stop its earthquake spike a few years ago, they temporarily shut down the wells that were injecting fracking fluid into the ground ... (and) those earthquakes stopped.",mostly-true
1049.0,mostly-true,Medicare began as a public option and now holds 97 percent of the market share.,FALSE
1051.0,TRUE,"98 percent of small businesses make less than $250,000 and would not see a tax increase under Barack Obama's plan.",mostly-true
1052.0,FALSE,''The leading Democratic candidate once said that the unfettered free market is the most destructive force in modern America.'',mostly-true
1054.0,mostly-true,"Says Dan Patrick supported giving a $5,000 taxpayer-funded voucher to every family to buy a car.",half-true
1060.0,FALSE,Congress' approval rating is 11 percent. You know who's higher? Dick Cheney and HMOs.,FALSE
1066.0,TRUE,More people are struck by lightning than commit in-person voter fraud by impersonation.,TRUE
1068.0,TRUE,Says the last non-partisan commission to improve the voting experience in America concluded that #VoterID was necessary.,FALSE
1070.0,barely-true,Germany is crime-riddled right now because of migration to Europe.,FALSE
1072.0,half-true,Mitt Romney said it was tragic to end the war in Iraq.,FALSE
1076.0,barely-true,"Black Lives Matter, who are attacking law enforcement officers -- Barack Obama had them to the White House.",mostly-true
1078.0,half-true,Every major religion is opposed to same-sex marriage.,FALSE
1083.0,TRUE,"My grandfather came home from ... (World War II) exhausted from the burdens he had borne, and died the next day.",FALSE
1086.0,mostly-true,"Fewer black and Latino men participate in the labor force, compared to young white men.",TRUE
1087.0,barely-true,"Says Adam Hasner gives the wealthy tax breaks worth $250,000 a year but hikes middle class taxes $2,000.",FALSE
1093.0,TRUE,McCain got more money from Airbus' U.S. executives than any other politician.,FALSE
1096.0,TRUE,"Says that under a new program jail ""time for non-violent, mentally ill offenders has been reduced by 50 percent.""",FALSE
1097.0,barely-true,"John McCain intervened, which helped Airbus get that Pentagon contract.",half-true
1099.0,FALSE,Say71 percent of doctors say Hillarys health concerns are serious and could be disqualifying.,TRUE
1103.0,mostly-true,"The federal debt is more than $14 trillion, almost equal to the size of our entire economy, and every child born today inherits a $45,000 share of the national debt before they take their first breath.",half-true
1104.0,TRUE,I wake up every morning in a house (the White House) that was built by slaves.,TRUE
1108.0,mostly-true,Says he had to impose tougher cost controls on state employees than any previous Wisconsin governor.,mostly-true
1110.0,barely-true,"It was Hillary Clinton who left Americans in harms way in Benghazi and after four Americans fell said, What difference at this point does it make?",mostly-true
1111.0,half-true,Congresswoman Bachmann actually said we should be 'weaned' off our Social Security and Medicare. She wants to privatize Social Security and replace Medicare with some kind of voucher system.,half-true
1113.0,TRUE,"The United States has never been richer, if you look at per capita GDP.",TRUE
1114.0,mostly-true,Michele Bachmanns legislative record is offering failed amendments.,FALSE
1115.0,barely-true,"Says that when San Francisco banned plastic grocery bags, you saw the number of instances of people going to the ER with things like salmonella and other related illnesses spike.",mostly-true
1118.0,half-true,"Ohio Director of Job Creation Mark Kvamme just clawed back about $900,000 from companies that made promises and they didnt keep them.",half-true
1120.0,half-true,On in-state tuition for unauthorized immigrants.,half-true
1125.0,barely-true,President Barack Obamas health care reform slashed $500 billion from Medicare.,half-true
1128.0,TRUE,Theres almost 1 million Texans who are unemployed and thats an all-time record number in our state.,FALSE
1129.0,FALSE,"Nearly 70 percent of all federal spending will go towards Social Security, Medicare, and Medicaid in fiscal year 2014.",FALSE
1132.0,FALSE,"Says, Yet in Salem they have traditionally waited until the money is almost gone to pay for the most important things in our states budget.",FALSE
1134.0,mostly-true,"The race will tighten, just because that's what happens at the end of campaigns. They always have.",half-true
1135.0,TRUE,"Even after Obamacare is fully implemented, there still will be tens of millions of people not covered.",FALSE
1142.0,FALSE,"The Democrat-backed health care reform plan ""will require (Americans) to subsidize abortion with their hard-earned tax dollars.""",mostly-true
1149.0,mostly-true,"The president promised to close the space gap, but he now seems intent on repeating the events that created the space gap in the first place -- putting in place a new rocket design and then trying to underfund the effort...",half-true
1152.0,mostly-true,I cut spending while serving in the state Legislature,mostly-true
1153.0,mostly-true,"If we ban the practice of earmarks, we could save the American taxpayer anywhere between $15 (billion) to $20 billion dollars a year in pork-barrel spending.",half-true
1154.0,half-true,Our welfare system now consumes 42 percent of our budget.,FALSE
1156.0,FALSE,This is the first time in the history that weve had the raising of a debt limit also with spending cuts.,FALSE
1158.0,barely-true,Kelly Ayotte voted for a budget that had $90 billion of cuts to Pell Grants.,barely-true
1159.0,mostly-true,Says U.S. Rep. Connie Mack IV passed only one bill in seven years.,half-true
1160.0,mostly-true,Republican-leaning states get more in federal dollars than they pay in taxes.,half-true
1161.0,half-true,"Barack Obama said in 2004 ""that he basically agreed with the way George Bush was conducting the war.""",TRUE
1166.0,mostly-true,"Says the Obama administration approved a major disaster declaration for Oklahoma in 2009, when nine of the states 77 counties burned for about three days, while Texas wildfires have been burning for longer without such a declaration.",mostly-true
1179.0,TRUE,One man sacrificed for his country. One man opposed a flawed strategy in Iraq. One man had the courage to call for change. One man didn't play politics with the truth. One man stands up to the special interests.,mostly-true
1180.0,half-true,"Says Paul Ryan supports banning all abortions, even in cases of rape or incest.",FALSE
1186.0,FALSE,"Harambe received 15,000 votes in the presidential election.",FALSE
1187.0,TRUE,The United States is one of only seven nations that allows elective abortions after 20 weeks post-fertilization.,half-true
1189.0,FALSE,"During his time as House speaker, unemployment came down from 5.6 percent to under 4 (percent).",FALSE
1192.0,barely-true,"(Assembly Democrats) wanted to raise the gas tax by $2.4 billion. We said no to that....Theyre down on the ground. Theyre sweating. Theyre twitching. Its ugly, cause I keep saying no.",mostly-true
1193.0,mostly-true,"Says he turned down a Medicaid expansion under Obamacare, but because of actions he took, for the first time in Wisconsins history everyone living in poverty is covered under Medicaid.",barely-true
1198.0,barely-true,"The Manchin-Toomey amendment would have criminalized certain private transfers of firearms between honest citizens, requiring lifelong friends, neighbors and some family members to get government approval.",mostly-true
1199.0,barely-true,McCain Trying to Have it Both Ways on Iraq,TRUE
1201.0,half-true,I've issued a six-month moratorium on deepwater drilling.,mostly-true
1203.0,half-true,Tuition at Rutgers has increased 10 percent since Gov. Chris Christie took office because he cut funding for higher education.,TRUE
1204.0,barely-true,"The reason we even have colleges is that at some point there were politicians who said, You know what? We should start colleges.",FALSE
1208.0,barely-true,"If the General Assembly does not address the states structural deficit, more than 23,000 education professionals will be immediately yanked out of Pennsylvania schools.",TRUE
1213.0,TRUE,Texas has the highest rate of uninsured in the nation. ... And there are more uninsured children in Texas than in any other state.,TRUE
1216.0,half-true,"Newspapers say Florida made bad investments, lost hundreds of millions of dollars, billions in pension funds lost. Who was in charge of Floridas investments? Alex Sink.",FALSE
1217.0,TRUE,Says 80 percent of the health care dollars are spent by 20 percent of the population.,mostly-true
1224.0,barely-true,Says President Obamas new immigration plan is amnesty.,mostly-true
1229.0,mostly-true,A child born in America today will inherit $1.5 million in debt the moment theyre placed in their mothers arms.,barely-true
1230.0,TRUE,Says the U.S. fleet of attack submarines is scheduled to fall below the 48 boats that Navy says it needs to carry out current missions.,FALSE
1232.0,half-true,"Americans spend 100-million hours a year filling out these forms (FAFSA). That is the equivalent of 55,500 full-time jobs.",FALSE
1235.0,TRUE,"In the Illinois Legislature, Barack Obama ""voted 'present,' instead of yes or no"" on seven votes involving abortion rights.",FALSE
1236.0,TRUE,"If you want to vote in Texas, you can use a concealed-weapon permit as a valid form of identification, but a valid student ID isnt good enough.",mostly-true
1237.0,mostly-true,Says the cascading effects of climate change contributed to the rise of ISIS.,half-true
1240.0,FALSE,A company hired to do Common Core testing in Florida will attract every one of your children to become as homosexual as they possibly can.,FALSE
1241.0,TRUE,The U.S. Supreme Court has not traditionally asked a lot of questions during oral arguments.,FALSE
1242.0,half-true,"Fracturing or horizontally fracturing the shale to open up larger pockets of natural gas ... has been used for over 60 years and, as of 2009, over 80,000 wells have been fracked in Ohio.",TRUE
1243.0,barely-true,"In 2004, ""20 percent of U.S. households were getting about 75 percent of their income from the federal government. ... Another 20 percent were receiving almost 40 percent.""",FALSE
1245.0,barely-true,"In Europe, church attendance rates (are) in the single digits because churches are supported by taxes.",FALSE
1246.0,barely-true,Says George LeMieux even compared Marco Rubio to Barack Obama.,FALSE
1251.0,mostly-true,Says Tim Kaine actually tried to raise taxes by about $4 billion.,FALSE
1258.0,half-true,On offshore drilling.,half-true
1264.0,barely-true,"In the early 1980s, Sen. Edward Kennedy secretly offered to help Soviet leaders counter the Reagan administrations position on nuclear disarmament.",barely-true
1265.0,barely-true,Says an EPA permit languished under Strickland but his new EPA director got it done in two days.,FALSE
